no_overall,episode_name,males_all,males_below_18,males_18_29,males_30_44,males_45_plus,females_all,females_18_29,females_30_44,females_45_plus,males_all_amount,males_below_18_amount,males_18_29_amount,males_30_44_amount,males_45_plus_amount,females_all_amount,females_below_18_amount,females_18_29_amount,females_30_44_amount,females_45_plus_amount,season
1,Simpsons Roasting on an Open Fire,8.2,8.2,8.3,8.1,8.0,7.8,7.8,7.8,7.1,3343.0,14.0,984.0,1742.0,462.0,456.0,0.0,129.0,231.0,74.0,1
2,Bart the Genius,7.8,8.6,7.8,7.7,7.7,7.4,7.5,7.4,6.2,2179.0,10.0,741.0,1082.0,243.0,239.0,1.0,85.0,112.0,28.0,1
3,Homer's Odyssey,7.4,7.2,7.5,7.4,7.3,6.9,6.8,6.9,5.9,1913.0,10.0,655.0,956.0,210.0,210.0,0.0,76.0,99.0,24.0,1
4,There's No Disgrace Like Home,7.8,7.6,7.8,7.7,7.8,7.3,7.4,7.3,6.5,1889.0,6.0,626.0,963.0,217.0,204.0,0.0,70.0,100.0,25.0,1
5,Bart the General,8.0,8.6,8.2,8.0,7.8,7.4,7.5,7.5,5.6,1920.0,6.0,648.0,967.0,221.0,201.0,0.0,73.0,95.0,24.0,1
6,Moaning Lisa,7.6,5.9,7.8,7.5,7.4,7.3,7.7,7.2,5.3,1843.0,6.0,630.0,913.0,215.0,214.0,0.0,79.0,101.0,23.0,1
7,The Call of the Simpsons,7.8,7.9,7.8,7.8,7.8,7.2,7.2,7.4,6.0,1799.0,6.0,602.0,903.0,215.0,197.0,0.0,70.0,99.0,21.0,1
8,The Telltale Head,7.7,7.5,7.9,7.6,7.6,7.1,7.3,7.0,6.0,1754.0,7.0,574.0,891.0,213.0,188.0,0.0,63.0,95.0,22.0,1
9,Life on the Fast Lane,7.5,8.3,7.6,7.4,7.4,7.2,7.5,7.2,5.8,1742.0,5.0,574.0,885.0,209.0,195.0,0.0,65.0,100.0,22.0,1
10,Homer's Night Out,7.4,7.6,7.4,7.4,7.4,7.0,7.2,6.9,5.8,1672.0,7.0,555.0,841.0,202.0,182.0,0.0,64.0,87.0,22.0,1
11,The Crepes of Wrath,7.9,8.8,7.9,7.8,7.9,7.2,7.5,7.1,5.9,1697.0,5.0,557.0,858.0,206.0,192.0,0.0,69.0,91.0,22.0,1
12,Krusty Gets Busted,8.4,7.9,8.5,8.3,8.3,7.5,7.9,7.3,6.7,1852.0,6.0,610.0,945.0,214.0,206.0,0.0,71.0,102.0,24.0,1
13,Some Enchanted Evening,7.8,8.5,7.9,7.7,7.7,7.4,7.8,7.3,5.6,1714.0,6.0,569.0,861.0,204.0,185.0,0.0,64.0,88.0,23.0,1
14,Bart Gets an F,8.2,8.6,8.5,8.1,8.0,7.7,7.9,7.5,6.5,1818.0,11.0,630.0,895.0,203.0,199.0,1.0,65.0,96.0,23.0,2
15,Simpson and Delilah,8.3,8.3,8.3,8.2,8.3,7.8,8.0,7.7,5.8,1744.0,8.0,575.0,889.0,196.0,190.0,0.0,62.0,93.0,25.0,2
16,Treehouse of Horror,8.2,8.3,8.3,8.1,8.2,7.8,8.0,7.7,7.2,1954.0,9.0,652.0,989.0,222.0,241.0,0.0,81.0,118.0,27.0,2
17,Two Cars in Every Garage and Three Eyes on Every Fish,8.1,9.0,8.2,8.0,8.2,7.4,7.6,7.4,6.3,1634.0,6.0,526.0,834.0,198.0,167.0,0.0,53.0,84.0,21.0,2
18,Dancin' Homer,7.5,8.0,7.5,7.5,7.6,6.8,7.2,6.8,5.5,1564.0,11.0,505.0,803.0,179.0,159.0,1.0,50.0,80.0,20.0,2
19,Dead Putting Society,8.0,8.4,8.1,7.9,7.9,7.2,7.8,7.1,5.5,1525.0,6.0,488.0,794.0,175.0,159.0,0.0,48.0,83.0,20.0,2
20,Bart vs. Thanksgiving,7.7,7.5,7.8,7.7,7.6,7.3,7.6,7.2,5.9,1477.0,9.0,493.0,748.0,168.0,168.0,0.0,51.0,88.0,20.0,2
21,Bart the Daredevil,8.4,8.8,8.5,8.4,8.4,7.2,7.4,7.2,4.9,1660.0,6.0,539.0,855.0,191.0,170.0,0.0,54.0,88.0,19.0,2
22,Itchy and Scratchy and Marge,8.1,8.8,8.2,8.1,8.1,7.2,7.8,7.1,6.1,1537.0,7.0,504.0,779.0,181.0,165.0,0.0,50.0,84.0,23.0,2
23,Bart Gets Hit by a Car,7.8,8.0,7.9,7.8,7.8,7.0,7.2,7.0,5.3,1505.0,6.0,489.0,780.0,170.0,155.0,0.0,50.0,78.0,21.0,2
24,"One Fish, Two Fish, Blowfish, Blue Fish",8.8,9.3,9.0,8.7,8.7,8.2,8.3,8.0,6.5,1832.0,8.0,629.0,913.0,203.0,206.0,0.0,70.0,100.0,27.0,2
25,The Way We Was,8.3,7.7,8.5,8.1,8.2,7.5,8.1,7.3,5.7,1538.0,7.0,513.0,785.0,170.0,175.0,0.0,57.0,87.0,19.0,2
26,Homer vs. Lisa and the 8th Commandment,8.0,7.3,8.1,8.0,7.9,7.2,7.4,7.1,5.2,1473.0,6.0,470.0,782.0,159.0,149.0,0.0,44.0,80.0,18.0,2
27,Principal Charming,7.5,7.2,7.5,7.4,7.5,7.0,7.6,6.9,5.3,1406.0,14.0,464.0,725.0,153.0,151.0,1.0,49.0,76.0,18.0,2
28,"Oh Brother, Where Art Thou?",8.3,7.7,8.3,8.2,8.2,7.1,8.0,6.9,4.9,1561.0,6.0,502.0,816.0,179.0,158.0,0.0,46.0,87.0,18.0,2
29,Bart's Dog Gets an F,7.5,7.2,7.5,7.5,7.6,7.0,7.3,6.9,5.8,1394.0,4.0,453.0,725.0,161.0,140.0,0.0,41.0,75.0,17.0,2
30,Old Money,7.6,7.0,7.8,7.5,7.7,6.7,7.3,6.7,4.6,1369.0,4.0,443.0,719.0,154.0,136.0,0.0,42.0,71.0,17.0,2
31,Brush with Greatness,8.0,7.5,8.1,7.9,8.0,7.2,7.8,7.0,5.4,1389.0,4.0,439.0,732.0,161.0,143.0,0.0,47.0,72.0,18.0,2
32,Lisa's Substitute,8.5,8.4,8.7,8.4,8.4,7.8,8.4,7.5,6.1,1731.0,7.0,569.0,890.0,204.0,254.0,0.0,73.0,133.0,35.0,2
33,The War of the Simpsons,7.9,7.4,7.9,7.8,7.9,6.9,7.5,6.7,5.0,1364.0,5.0,434.0,708.0,161.0,144.0,0.0,44.0,75.0,19.0,2
34,Three Men and a Comic Book,8.4,8.7,8.4,8.3,8.3,7.4,7.6,7.4,5.1,1508.0,6.0,483.0,783.0,182.0,160.0,0.0,48.0,85.0,18.0,2
35,Blood Feud,7.9,7.2,8.0,7.9,7.9,7.1,7.4,7.2,4.6,1333.0,4.0,434.0,686.0,158.0,143.0,0.0,45.0,72.0,18.0,2
36,Stark Raving Dad,8.6,9.0,8.7,8.5,8.5,7.9,8.2,7.7,7.7,1900.0,7.0,629.0,975.0,197.0,252.0,1.0,84.0,124.0,34.0,3
37,Mr. Lisa Goes to Washington,7.8,7.4,7.8,7.7,7.7,7.3,7.6,7.1,6.6,1414.0,5.0,459.0,733.0,160.0,148.0,0.0,47.0,75.0,19.0,3
38,When Flanders Failed,8.2,7.7,8.3,8.1,8.0,7.5,7.7,7.3,7.0,1433.0,7.0,468.0,744.0,156.0,159.0,0.0,52.0,79.0,20.0,3
39,Bart the Murderer,8.7,9.0,8.8,8.6,8.6,7.8,7.8,7.8,6.5,1578.0,13.0,533.0,801.0,172.0,179.0,0.0,53.0,94.0,24.0,3
40,Homer Defined,8.5,8.3,8.7,8.4,8.3,7.9,8.1,7.8,6.7,1530.0,5.0,515.0,773.0,173.0,163.0,0.0,51.0,83.0,22.0,3
41,"Like Father, Like Clown",7.7,6.2,7.7,7.7,7.6,7.1,7.5,7.1,5.7,1368.0,6.0,435.0,727.0,155.0,153.0,0.0,47.0,82.0,17.0,3
42,Treehouse of Horror II,8.3,8.5,8.3,8.2,8.2,7.6,7.8,7.5,6.9,1494.0,6.0,486.0,789.0,158.0,179.0,0.0,62.0,88.0,19.0,3
43,Lisa's Pony,7.9,7.4,8.0,7.8,7.7,7.4,7.8,7.3,6.1,1331.0,5.0,420.0,712.0,145.0,147.0,0.0,46.0,77.0,17.0,3
44,Saturdays of Thunder,8.0,8.2,8.0,7.9,7.9,7.2,7.4,7.2,5.3,1327.0,14.0,435.0,692.0,139.0,134.0,1.0,40.0,70.0,16.0,3
45,Flaming Moe's,8.8,8.8,8.9,8.8,8.7,7.7,8.0,7.7,5.3,1748.0,6.0,587.0,905.0,180.0,184.0,0.0,58.0,99.0,19.0,3
46,Burns Verkaufen der Kraftwerk,8.3,8.2,8.3,8.3,8.1,7.2,7.5,7.1,6.4,1379.0,4.0,439.0,730.0,157.0,148.0,0.0,41.0,80.0,19.0,3
47,I Married Marge,8.3,7.5,8.4,8.1,8.2,7.5,8.0,7.4,5.2,1316.0,4.0,444.0,680.0,140.0,153.0,0.0,51.0,78.0,16.0,3
48,Radio Bart,8.5,8.1,8.7,8.5,8.2,7.5,7.8,7.5,5.9,1468.0,10.0,470.0,772.0,158.0,166.0,0.0,45.0,91.0,22.0,3
49,Lisa the Greek,8.0,7.8,8.1,7.9,8.0,7.5,7.7,7.5,5.3,1279.0,5.0,415.0,670.0,145.0,134.0,0.0,39.0,71.0,17.0,3
50,Homer Alone,8.1,7.8,8.2,8.0,7.9,7.5,7.6,7.4,6.1,1268.0,5.0,401.0,679.0,138.0,141.0,0.0,46.0,70.0,18.0,3
51,Bart the Lover,8.3,8.4,8.5,8.2,8.1,7.4,7.8,7.3,6.1,1380.0,14.0,457.0,713.0,148.0,160.0,1.0,51.0,80.0,21.0,3
52,Homer at the Bat,8.7,8.2,8.8,8.7,8.4,7.0,7.0,7.0,6.1,1750.0,4.0,566.0,929.0,190.0,157.0,0.0,47.0,82.0,20.0,3
53,Separate Vocations,8.2,7.5,8.3,8.2,8.1,7.4,8.0,7.3,5.8,1282.0,5.0,414.0,681.0,138.0,142.0,0.0,43.0,74.0,19.0,3
54,Dog of Death,7.8,7.1,7.9,7.7,7.8,7.2,7.4,7.3,5.4,1241.0,5.0,406.0,655.0,136.0,134.0,1.0,38.0,68.0,21.0,3
55,Colonel Homer,8.0,7.0,8.0,7.9,8.2,7.5,7.8,7.4,5.4,1337.0,5.0,431.0,698.0,151.0,149.0,0.0,44.0,77.0,20.0,3
56,Black Widower,8.3,7.3,8.4,8.2,8.1,7.4,7.6,7.4,6.3,1312.0,5.0,427.0,690.0,140.0,153.0,0.0,46.0,75.0,24.0,3
57,The Otto Show,7.8,7.4,7.7,7.8,7.8,7.1,7.2,7.2,5.5,1276.0,13.0,402.0,674.0,146.0,141.0,0.0,42.0,70.0,20.0,3
58,Bart's Friend Falls in Love,7.8,7.7,7.9,7.7,7.8,7.1,7.1,7.3,5.0,1242.0,7.0,399.0,652.0,140.0,141.0,0.0,44.0,72.0,17.0,3
59,"Brother, Can You Spare Two Dimes?",8.3,7.5,8.3,8.2,8.0,7.2,7.6,7.3,4.7,1315.0,4.0,417.0,699.0,148.0,133.0,0.0,39.0,68.0,17.0,3
60,Kamp Krusty,8.5,8.2,8.5,8.5,8.4,7.4,7.4,7.3,6.5,1537.0,8.0,497.0,804.0,170.0,164.0,0.0,45.0,86.0,21.0,4
61,A Streetcar Named Marge,8.2,8.5,8.3,8.1,8.1,7.7,7.9,7.6,6.9,1416.0,4.0,444.0,751.0,160.0,155.0,0.0,48.0,77.0,22.0,4
62,Homer the Heretic,9.0,9.5,9.2,8.9,8.8,8.4,8.5,8.4,6.9,1857.0,7.0,619.0,946.0,199.0,190.0,0.0,58.0,99.0,23.0,4
63,Lisa the Beauty Queen,7.8,7.5,7.9,7.7,7.8,7.5,7.7,7.4,6.2,1296.0,13.0,424.0,675.0,140.0,146.0,0.0,46.0,73.0,20.0,4
64,Treehouse of Horror III,8.5,8.0,8.6,8.4,8.5,7.5,7.8,7.4,6.6,1503.0,5.0,492.0,795.0,159.0,168.0,0.0,53.0,83.0,22.0,4
65,Itchy & Scratchy: The Movie,8.3,7.1,8.3,8.2,8.2,7.1,7.5,7.2,6.1,1373.0,6.0,448.0,719.0,146.0,142.0,0.0,42.0,73.0,19.0,4
66,Marge Gets a Job,7.9,7.5,7.9,7.8,7.8,7.1,7.5,7.0,6.1,1253.0,7.0,406.0,664.0,133.0,131.0,0.0,40.0,65.0,19.0,4
67,New Kid on the Block,8.3,8.8,8.3,8.2,8.3,7.6,7.9,7.4,6.0,1349.0,4.0,435.0,713.0,148.0,142.0,0.0,40.0,72.0,21.0,4
68,Mr. Plow,8.9,8.7,8.9,8.8,8.7,7.5,7.7,7.4,6.6,1741.0,7.0,576.0,893.0,195.0,176.0,0.0,51.0,93.0,22.0,4
69,Lisa's First Word,8.6,8.4,8.9,8.4,8.6,7.7,8.3,7.5,6.4,1435.0,8.0,497.0,731.0,147.0,179.0,1.0,51.0,93.0,25.0,4
70,Homer's Triple Bypass,8.7,9.0,8.8,8.6,8.5,8.3,8.3,8.4,6.8,1508.0,5.0,522.0,760.0,161.0,161.0,0.0,46.0,83.0,25.0,4
71,Marge vs. the Monorail,9.1,9.0,9.2,9.0,8.8,7.9,7.9,7.9,7.3,2119.0,7.0,704.0,1107.0,215.0,231.0,0.0,62.0,125.0,34.0,4
72,Selma's Choice,8.0,7.4,8.0,7.9,8.0,7.6,7.5,7.8,6.4,1241.0,6.0,396.0,661.0,137.0,152.0,0.0,45.0,78.0,21.0,4
73,Brother from the Same Planet,8.2,8.0,8.3,8.1,8.1,7.3,7.8,7.1,6.0,1264.0,4.0,414.0,662.0,136.0,140.0,0.0,41.0,73.0,19.0,4
74,I Love Lisa,8.4,7.9,8.5,8.3,8.3,7.8,7.9,7.7,6.6,1360.0,5.0,453.0,707.0,148.0,158.0,0.0,46.0,84.0,20.0,4
75,Duffless,8.4,7.7,8.4,8.3,8.4,7.2,7.6,7.1,5.8,1305.0,5.0,432.0,686.0,133.0,135.0,0.0,37.0,71.0,19.0,4
76,Last Exit to Springfield,9.1,8.8,9.3,9.0,8.7,7.9,8.4,7.7,6.4,1972.0,4.0,698.0,1005.0,191.0,185.0,0.0,57.0,94.0,25.0,4
77,So It's Come to This: A Simpsons Clip Show,7.1,6.4,7.1,7.1,7.3,6.8,7.1,6.9,5.2,1202.0,5.0,387.0,640.0,131.0,123.0,0.0,38.0,62.0,16.0,4
78,The Front,8.2,6.8,8.2,8.1,8.0,7.0,7.3,7.0,5.7,1202.0,4.0,384.0,645.0,130.0,125.0,0.0,33.0,67.0,17.0,4
79,Whacking Day,8.1,8.1,8.2,8.1,7.9,7.4,7.7,7.5,6.1,1324.0,6.0,419.0,708.0,142.0,131.0,0.0,32.0,71.0,21.0,4
80,Marge in Chains,7.7,7.6,7.8,7.7,7.5,7.1,7.4,7.1,5.6,1181.0,7.0,383.0,617.0,134.0,124.0,0.0,35.0,63.0,18.0,4
81,Krusty Gets Kancelled,8.2,7.9,8.3,8.2,8.3,7.2,7.3,7.2,6.9,1325.0,5.0,418.0,699.0,151.0,148.0,0.0,40.0,76.0,23.0,4
82,Homer's Barbershop Quartet,8.5,8.1,8.7,8.4,8.3,7.4,7.8,7.3,6.4,1547.0,8.0,501.0,812.0,163.0,157.0,0.0,48.0,80.0,22.0,5
83,Cape Feare,9.1,9.3,9.3,9.0,8.9,8.1,8.6,7.8,7.4,2162.0,7.0,752.0,1089.0,217.0,237.0,2.0,71.0,116.0,34.0,5
84,Homer Goes to College,8.6,7.9,8.8,8.6,8.3,7.1,7.3,7.0,6.0,1621.0,6.0,530.0,866.0,158.0,154.0,0.0,43.0,82.0,20.0,5
85,Rosebud,8.9,9.0,9.0,8.8,8.5,8.1,8.4,8.0,6.7,1600.0,6.0,556.0,818.0,157.0,168.0,0.0,51.0,86.0,23.0,5
86,Treehouse of Horror IV,8.8,9.0,8.9,8.6,8.6,7.6,7.8,7.5,6.4,1583.0,8.0,530.0,816.0,167.0,170.0,0.0,49.0,89.0,22.0,5
87,Marge on the Lam,8.1,8.1,8.2,8.1,7.8,7.5,7.6,7.6,5.9,1254.0,8.0,394.0,682.0,123.0,136.0,0.0,40.0,71.0,20.0,5
88,Bart's Inner Child,7.7,7.1,7.8,7.7,7.6,7.0,7.3,7.1,5.5,1173.0,6.0,363.0,639.0,125.0,128.0,0.0,39.0,67.0,17.0,5
89,Boy Scoutz 'n the Hood,8.7,8.8,8.8,8.6,8.5,7.9,7.8,8.0,5.8,1403.0,5.0,458.0,745.0,139.0,139.0,0.0,41.0,74.0,17.0,5
90,The Last Temptation of Homer,8.5,7.9,8.6,8.4,8.3,7.3,7.8,7.1,5.9,1395.0,5.0,456.0,736.0,146.0,151.0,0.0,44.0,81.0,18.0,5
91,"$pringfield (Or, How I Learned to Stop Worrying and Love Legalized Gambling)",8.6,8.2,8.8,8.5,8.4,7.1,7.6,7.0,5.5,1403.0,5.0,455.0,749.0,137.0,140.0,0.0,43.0,72.0,18.0,5
92,Homer the Vigilante,8.3,7.8,8.4,8.2,7.8,6.8,7.0,7.0,5.6,1313.0,4.0,403.0,727.0,129.0,131.0,0.0,36.0,70.0,17.0,5
93,Bart Gets Famous,8.2,7.8,8.3,8.1,8.1,7.4,7.7,7.4,5.9,1240.0,4.0,399.0,661.0,133.0,116.0,0.0,33.0,57.0,18.0,5
94,Homer and Apu,8.3,8.0,8.4,8.2,8.1,7.1,7.5,7.0,5.7,1285.0,4.0,416.0,677.0,138.0,122.0,0.0,34.0,63.0,17.0,5
95,Lisa vs. Malibu Stacy,8.1,8.5,8.3,8.0,7.9,7.7,8.1,7.7,5.8,1251.0,4.0,401.0,666.0,133.0,138.0,0.0,39.0,72.0,19.0,5
96,Deep Space Homer,8.9,8.6,9.0,8.8,8.6,7.3,7.3,7.3,6.0,1635.0,5.0,516.0,871.0,173.0,151.0,0.0,41.0,82.0,19.0,5
97,Homer Loves Flanders,8.5,8.4,8.7,8.4,8.2,7.3,7.6,7.2,5.4,1317.0,5.0,440.0,687.0,133.0,129.0,0.0,39.0,67.0,16.0,5
98,Bart Gets an Elephant,7.9,7.0,8.0,7.9,7.5,7.1,7.3,7.1,5.5,1243.0,5.0,384.0,677.0,132.0,118.0,0.0,34.0,62.0,14.0,5
99,Burns' Heir,8.4,8.4,8.6,8.3,8.2,7.7,7.6,8.0,5.4,1230.0,5.0,399.0,654.0,128.0,129.0,0.0,34.0,77.0,13.0,5
100,Sweet Seymour Skinner's Baadasssss Song,8.4,9.3,8.6,8.3,8.2,7.5,8.2,7.4,5.2,1243.0,14.0,412.0,652.0,123.0,134.0,1.0,41.0,72.0,14.0,5
101,The Boy Who Knew Too Much,8.3,7.5,8.4,8.3,8.1,7.1,7.5,7.0,5.7,1212.0,5.0,395.0,644.0,122.0,125.0,1.0,35.0,67.0,14.0,5
102,Lady Bouvier's Lover,7.6,7.1,7.7,7.5,7.5,6.9,7.4,6.8,5.5,1107.0,7.0,351.0,596.0,112.0,115.0,0.0,35.0,61.0,13.0,5
103,Secrets of a Successful Marriage,8.0,7.8,8.2,8.0,7.6,7.4,7.8,7.3,5.3,1164.0,5.0,374.0,620.0,119.0,118.0,0.0,37.0,62.0,13.0,5
104,Bart of Darkness,8.7,8.0,8.8,8.6,8.3,7.6,7.6,7.6,6.2,1455.0,4.0,487.0,762.0,142.0,161.0,0.0,43.0,88.0,20.0,6
105,Lisa's Rival,8.1,7.9,8.2,8.1,7.9,7.6,7.9,7.4,6.6,1249.0,6.0,392.0,675.0,132.0,141.0,0.0,44.0,72.0,16.0,6
106,Another Simpsons Clip Show,5.9,5.3,5.9,5.9,6.1,5.8,6.4,5.7,3.5,1146.0,5.0,370.0,609.0,121.0,118.0,0.0,35.0,60.0,14.0,6
107,Itchy & Scratchy Land,8.6,8.1,8.8,8.5,8.3,7.3,7.6,7.2,6.3,1389.0,5.0,456.0,732.0,142.0,143.0,0.0,40.0,77.0,18.0,6
108,Sideshow Bob Roberts,8.3,7.5,8.3,8.3,8.1,7.1,7.8,7.0,5.2,1234.0,5.0,393.0,670.0,123.0,128.0,0.0,38.0,69.0,13.0,6
109,Treehouse of Horror V,9.1,9.3,9.3,9.0,8.9,8.2,8.8,7.8,7.0,1871.0,10.0,666.0,923.0,193.0,222.0,0.0,76.0,110.0,24.0,6
110,Bart's Girlfriend,8.1,7.6,8.2,8.0,7.9,7.4,7.8,7.4,5.5,1226.0,5.0,400.0,647.0,128.0,156.0,1.0,52.0,75.0,20.0,6
111,Lisa on Ice,8.5,8.2,8.7,8.5,8.3,7.6,8.1,7.3,6.0,1356.0,8.0,435.0,731.0,135.0,138.0,0.0,42.0,70.0,16.0,6
112,Homer Badman,9.0,9.1,9.2,8.9,8.6,8.3,8.5,8.3,5.9,1726.0,10.0,615.0,856.0,171.0,184.0,0.0,60.0,91.0,20.0,6
113,Grampa vs. Sexual Inadequacy,8.1,7.8,8.3,7.9,7.8,7.2,7.6,7.2,4.3,1155.0,4.0,371.0,618.0,122.0,114.0,0.0,35.0,60.0,12.0,6
114,Fear of Flying,7.8,6.8,7.9,7.7,7.5,7.2,7.7,7.0,5.7,1181.0,4.0,372.0,640.0,127.0,134.0,0.0,40.0,70.0,16.0,6
115,Homer the Great,9.0,9.5,9.2,8.9,8.8,7.7,8.0,7.5,5.9,1592.0,4.0,525.0,828.0,173.0,159.0,0.0,48.0,84.0,17.0,6
116,And Maggie Makes Three,8.7,8.9,9.1,8.5,8.5,7.8,8.2,7.6,5.5,1423.0,6.0,500.0,728.0,132.0,169.0,0.0,55.0,86.0,17.0,6
117,Bart's Comet,8.7,8.0,8.8,8.6,8.5,7.2,7.6,7.1,6.1,1320.0,4.0,434.0,706.0,130.0,131.0,0.0,38.0,69.0,16.0,6
118,Homie the Clown,8.6,8.1,8.8,8.6,8.5,7.2,7.6,7.1,4.9,1344.0,5.0,425.0,734.0,134.0,138.0,0.0,36.0,78.0,14.0,6
119,Bart vs. Australia,8.6,8.7,8.7,8.5,8.3,7.0,7.2,7.0,5.9,1452.0,6.0,453.0,792.0,149.0,151.0,0.0,42.0,87.0,15.0,6
120,Homer vs. Patty and Selma,7.9,7.4,8.0,7.8,7.9,7.4,7.6,7.4,5.8,1100.0,5.0,344.0,602.0,112.0,123.0,0.0,35.0,63.0,17.0,6
121,A Star Is Burns,8.5,8.8,8.7,8.4,8.3,7.1,7.2,6.9,6.0,1349.0,6.0,433.0,729.0,135.0,135.0,1.0,38.0,70.0,17.0,6
122,Lisa's Wedding,8.3,7.2,8.5,8.2,8.1,7.6,8.1,7.6,6.3,1263.0,4.0,404.0,677.0,136.0,156.0,0.0,50.0,78.0,19.0,6
123,Two Dozen and One Greyhounds,8.1,8.0,8.3,8.1,8.0,7.7,7.9,7.7,5.7,1141.0,6.0,358.0,615.0,124.0,131.0,0.0,40.0,68.0,15.0,6
124,The PTA Disbands,8.1,7.7,8.2,8.0,7.8,7.3,7.6,7.3,5.7,1115.0,6.0,354.0,604.0,116.0,113.0,0.0,33.0,58.0,15.0,6
125,'Round Springfield,8.2,7.5,8.5,8.1,7.9,7.6,8.2,7.2,6.2,1185.0,4.0,384.0,631.0,123.0,132.0,0.0,42.0,65.0,16.0,6
126,The Springfield Connection,8.2,7.7,8.4,8.1,8.0,7.1,7.7,7.2,5.6,1116.0,5.0,350.0,609.0,112.0,117.0,0.0,31.0,60.0,16.0,6
127,Lemon of Troy,8.7,8.8,9.0,8.6,8.4,7.2,7.7,7.2,4.8,1409.0,4.0,461.0,753.0,140.0,135.0,0.0,38.0,75.0,14.0,6
128,Who Shot Mr. Burns? Part One,9.1,9.0,9.3,9.1,8.6,7.8,8.5,7.5,6.5,1777.0,10.0,649.0,886.0,160.0,188.0,0.0,64.0,94.0,21.0,6
129,Who Shot Mr. Burns? Part Two,9.0,8.7,9.2,8.8,8.7,7.8,8.4,7.6,6.2,1622.0,7.0,580.0,823.0,147.0,170.0,0.0,55.0,86.0,20.0,7
130,Radioactive Man,8.4,7.5,8.3,8.4,8.3,6.9,7.3,6.8,5.0,1245.0,5.0,391.0,673.0,134.0,121.0,0.0,35.0,64.0,15.0,7
131,Home Sweet Home-Dum-Diddly Doodily,8.4,8.2,8.5,8.3,8.2,7.3,7.9,7.1,4.8,1184.0,10.0,382.0,623.0,127.0,129.0,0.0,37.0,70.0,14.0,7
132,Bart Sells His Soul,8.8,9.2,9.0,8.7,8.6,7.7,8.3,7.3,6.7,1462.0,4.0,474.0,762.0,157.0,164.0,0.0,50.0,81.0,24.0,7
133,Lisa the Vegetarian,8.5,8.0,8.7,8.4,8.4,7.7,8.1,7.4,6.8,1394.0,14.0,464.0,710.0,148.0,162.0,1.0,50.0,79.0,24.0,7
134,Treehouse of Horror VI,8.6,7.9,8.8,8.5,8.4,7.4,7.9,7.2,5.5,1416.0,5.0,458.0,733.0,161.0,158.0,0.0,48.0,82.0,19.0,7
135,King Size Homer,9.0,9.3,9.2,8.9,8.6,8.5,8.9,8.3,6.7,1730.0,6.0,584.0,885.0,181.0,179.0,0.0,53.0,91.0,23.0,7
136,Mother Simpson,8.6,8.4,8.8,8.5,8.4,7.5,8.1,7.4,5.1,1336.0,7.0,448.0,699.0,136.0,139.0,0.0,37.0,77.0,17.0,7
137,Sideshow Bob's Last Gleaming,8.1,7.5,8.2,8.0,7.9,7.0,7.7,7.0,5.2,1129.0,5.0,348.0,616.0,122.0,107.0,0.0,30.0,54.0,16.0,7
138,The Simpsons 138th Episode Spectacular!,7.5,7.1,7.4,7.6,7.4,6.8,7.0,6.9,5.3,1116.0,9.0,359.0,594.0,118.0,126.0,1.0,35.0,63.0,18.0,7
139,Marge Be Not Proud,8.4,8.2,8.7,8.2,8.0,7.7,8.4,7.4,5.5,1291.0,15.0,444.0,659.0,125.0,143.0,1.0,42.0,73.0,16.0,7
140,Team Homer,8.4,7.7,8.5,8.3,8.2,6.9,7.0,7.0,5.0,1167.0,6.0,377.0,622.0,121.0,121.0,0.0,32.0,67.0,13.0,7
141,Two Bad Neighbors,8.6,9.0,8.8,8.5,8.4,7.9,8.1,7.9,5.7,1365.0,5.0,453.0,719.0,137.0,134.0,0.0,39.0,68.0,19.0,7
142,Scenes from the Class Struggle in Springfield,7.7,7.1,7.8,7.7,7.7,7.2,7.4,7.1,6.2,1074.0,7.0,327.0,588.0,116.0,108.0,0.0,29.0,57.0,16.0,7
143,Bart the Fink,7.7,7.0,7.8,7.7,7.6,6.7,7.2,6.6,5.6,1052.0,5.0,331.0,564.0,114.0,97.0,0.0,25.0,50.0,15.0,7
144,Lisa the Iconoclast,8.2,7.7,8.3,8.1,7.9,7.1,6.9,7.3,5.6,1145.0,5.0,354.0,620.0,130.0,107.0,0.0,26.0,59.0,14.0,7
145,Homer the Smithers,8.9,9.0,9.1,8.7,8.5,8.3,8.4,8.3,6.6,1587.0,6.0,572.0,771.0,161.0,179.0,0.0,53.0,90.0,21.0,7
146,The Day the Violence Died,8.0,7.5,8.2,7.9,8.0,7.1,7.2,7.0,6.2,1112.0,5.0,344.0,598.0,128.0,110.0,0.0,26.0,55.0,20.0,7
147,A Fish Called Selma,8.2,8.0,8.3,8.1,8.1,7.6,8.2,7.7,6.2,1184.0,5.0,367.0,628.0,145.0,136.0,0.0,31.0,73.0,21.0,7
148,Bart on the Road,8.6,8.7,8.7,8.5,8.5,7.5,7.6,7.5,6.2,1216.0,8.0,405.0,636.0,121.0,137.0,0.0,36.0,71.0,20.0,7
149,22 Short Films About Springfield,8.9,8.8,9.1,8.7,8.7,7.5,8.1,7.2,6.1,1551.0,7.0,539.0,796.0,148.0,151.0,0.0,44.0,75.0,22.0,7
150,Raging Abe Simpson and His Grumbling Grandson in 'The Curse of the Flying Hellfish',8.5,8.4,8.7,8.4,8.1,6.5,7.1,6.4,5.0,1209.0,7.0,380.0,657.0,125.0,119.0,0.0,31.0,64.0,16.0,7
151,Much Apu About Nothing,8.1,7.5,8.3,8.0,7.9,7.1,7.3,7.3,5.0,1093.0,5.0,341.0,587.0,123.0,98.0,0.0,26.0,52.0,13.0,7
152,Homerpalooza,8.0,7.4,8.0,8.0,7.9,7.2,7.5,7.3,4.9,1165.0,5.0,353.0,642.0,128.0,123.0,0.0,33.0,64.0,18.0,7
153,"Summer of 4'2""",8.4,7.9,8.6,8.2,8.2,7.5,8.1,7.4,5.7,1209.0,5.0,385.0,648.0,126.0,144.0,0.0,33.0,82.0,18.0,7
154,Treehouse of Horror VII,8.4,8.8,8.6,8.3,8.3,7.2,7.7,7.1,6.1,1273.0,4.0,407.0,668.0,147.0,151.0,0.0,40.0,82.0,20.0,8
155,You Only Move Twice,9.2,9.3,9.3,9.2,8.9,7.9,8.3,7.9,6.4,2513.0,7.0,820.0,1353.0,230.0,230.0,2.0,71.0,118.0,28.0,8
156,The Homer They Fall,8.1,7.8,8.3,8.0,7.8,6.9,7.5,6.9,4.5,1190.0,5.0,376.0,642.0,126.0,112.0,0.0,30.0,59.0,15.0,8
157,"Burns, Baby Burns",7.8,7.5,7.9,7.7,7.8,6.8,7.4,6.8,4.6,1173.0,5.0,355.0,647.0,126.0,113.0,0.0,29.0,61.0,15.0,8
158,Bart After Dark,8.3,7.8,8.4,8.2,8.2,7.0,7.7,7.0,4.7,1194.0,4.0,365.0,658.0,130.0,123.0,0.0,35.0,62.0,18.0,8
159,A Milhouse Divided,8.1,7.6,8.3,7.9,7.9,7.3,7.7,7.2,5.4,1118.0,5.0,356.0,597.0,120.0,114.0,0.0,29.0,63.0,14.0,8
160,Lisa's Date with Density,7.9,7.0,8.0,7.7,7.9,7.2,7.7,7.1,5.6,1098.0,8.0,343.0,591.0,120.0,113.0,1.0,31.0,60.0,15.0,8
161,Hurricane Neddy,8.8,8.7,9.0,8.6,8.6,8.2,8.5,8.3,4.9,1371.0,6.0,468.0,704.0,139.0,150.0,0.0,44.0,80.0,17.0,8
162,El Viaje Misterioso De Nuestro Jomer,8.6,8.2,8.8,8.5,8.4,7.4,7.2,7.5,6.4,1465.0,6.0,463.0,790.0,153.0,163.0,0.0,41.0,93.0,21.0,8
163,The Springfield Files,9.1,8.8,9.2,9.0,8.7,8.0,8.7,7.6,6.8,1865.0,6.0,621.0,1004.0,167.0,228.0,1.0,77.0,114.0,25.0,8
164,The Twisted World of Marge Simpson,7.8,7.4,8.0,7.7,7.6,6.8,7.5,6.6,5.3,1089.0,6.0,336.0,594.0,125.0,108.0,0.0,27.0,58.0,17.0,8
165,Mountain of Madness,8.6,8.5,8.7,8.5,8.4,7.8,8.2,7.8,5.4,1235.0,4.0,404.0,663.0,128.0,125.0,0.0,32.0,71.0,15.0,8
166,Simpsoncalifragilisticexpiala(Annoyed Grunt)cious,7.7,6.5,7.8,7.6,7.8,7.1,7.7,7.1,5.4,1175.0,5.0,354.0,642.0,140.0,125.0,0.0,33.0,67.0,18.0,8
167,The Itchy & Scratchy & Poochie Show,8.0,7.0,8.2,7.9,7.7,7.0,7.8,6.8,5.3,1162.0,4.0,350.0,639.0,134.0,107.0,0.0,27.0,57.0,16.0,8
168,Homer's Phobia,8.8,9.2,9.0,8.7,8.6,8.2,8.8,8.2,5.4,1701.0,4.0,563.0,862.0,203.0,172.0,0.0,48.0,92.0,21.0,8
169,Brother from Another Series,8.2,7.3,8.4,8.1,8.3,7.0,7.3,6.8,6.2,1179.0,5.0,351.0,655.0,129.0,141.0,0.0,35.0,78.0,20.0,8
170,"My Sister, My Sitter",8.0,7.8,8.3,7.8,7.8,7.6,8.0,7.7,4.5,1114.0,6.0,354.0,599.0,120.0,108.0,0.0,28.0,58.0,14.0,8
171,Homer vs. the 18th Amendment,8.9,8.8,9.0,8.8,8.6,7.1,7.7,7.0,5.2,1442.0,5.0,456.0,786.0,146.0,135.0,0.0,35.0,75.0,18.0,8
172,Grade School Confidential,8.2,8.7,8.5,8.1,8.1,7.4,8.0,7.4,5.3,1105.0,14.0,349.0,593.0,115.0,118.0,1.0,32.0,61.0,15.0,8
173,The Canine Mutiny,7.7,7.5,7.8,7.6,7.7,6.7,7.1,6.6,5.2,1006.0,4.0,302.0,565.0,107.0,102.0,0.0,27.0,55.0,14.0,8
174,The Old Man and the Lisa,7.9,6.8,8.1,7.8,7.9,6.9,7.5,6.8,5.0,1057.0,4.0,318.0,588.0,114.0,103.0,0.0,30.0,52.0,15.0,8
175,In Marge We Trust,8.1,7.0,8.3,7.9,8.1,7.3,8.2,7.1,5.2,1073.0,5.0,330.0,595.0,112.0,111.0,0.0,31.0,58.0,15.0,8
176,Homer's Enemy,9.3,9.7,9.4,9.2,9.0,8.6,9.1,8.5,7.3,2386.0,17.0,838.0,1185.0,233.0,263.0,3.0,87.0,115.0,44.0,8
177,The Simpsons Spin-Off Showcase,7.3,6.1,7.5,7.2,7.3,6.4,7.4,6.2,4.8,1104.0,7.0,332.0,612.0,121.0,107.0,0.0,33.0,50.0,17.0,8
178,The Secret War of Lisa Simpson,7.9,6.9,8.1,7.7,7.8,7.2,8.0,7.1,5.1,1047.0,5.0,326.0,569.0,115.0,111.0,0.0,27.0,61.0,16.0,8
179,The City of New York vs. Homer Simpson,9.1,9.5,9.3,9.0,8.6,8.4,8.9,8.3,6.7,1971.0,8.0,691.0,990.0,191.0,188.0,0.0,58.0,86.0,30.0,9
180,The Principal and the Pauper,7.1,8.1,7.3,6.9,7.2,6.5,7.4,6.2,5.3,1309.0,16.0,388.0,723.0,141.0,128.0,1.0,36.0,67.0,17.0,9
181,Lisa's Sax,8.1,7.8,8.3,8.0,8.1,7.4,8.2,7.2,5.0,1093.0,5.0,341.0,582.0,123.0,114.0,0.0,36.0,56.0,15.0,9
182,Treehouse of Horror VIII,8.2,7.8,8.5,8.1,8.2,7.1,7.8,6.7,5.3,1134.0,4.0,349.0,608.0,132.0,121.0,0.0,40.0,59.0,15.0,9
183,The Cartridge Family,8.3,7.8,8.4,8.2,8.0,6.8,7.2,6.9,4.9,1188.0,8.0,358.0,650.0,134.0,121.0,1.0,33.0,61.0,18.0,9
184,Bart Star,7.8,7.2,8.0,7.7,7.6,6.8,7.6,6.8,4.7,1017.0,6.0,294.0,565.0,116.0,102.0,0.0,31.0,49.0,16.0,9
185,The Two Mrs. Nahasapeemapetilons,7.8,7.0,8.1,7.7,7.7,6.8,7.5,6.7,4.5,990.0,4.0,300.0,548.0,107.0,107.0,0.0,31.0,54.0,17.0,9
186,Lisa the Skeptic,8.1,6.8,8.4,7.9,8.0,7.3,8.1,7.0,5.9,1087.0,5.0,333.0,588.0,123.0,114.0,0.0,35.0,56.0,16.0,9
187,Realty Bites,7.6,7.2,7.9,7.5,7.3,6.7,7.2,6.5,5.4,984.0,5.0,300.0,538.0,108.0,106.0,0.0,30.0,52.0,17.0,9
188,Miracle on Evergreen Terrace,7.7,7.3,7.9,7.5,7.7,6.9,7.4,6.7,6.4,1053.0,7.0,323.0,569.0,124.0,121.0,0.0,34.0,57.0,23.0,9
189,"All Singing, All Dancing",5.0,3.9,4.9,5.0,5.8,5.1,5.2,4.9,4.5,1170.0,7.0,365.0,633.0,124.0,129.0,0.0,36.0,63.0,22.0,9
190,Bart Carny,7.8,7.5,7.9,7.8,7.6,6.8,7.1,7.0,5.0,1030.0,5.0,295.0,585.0,114.0,112.0,0.0,27.0,57.0,20.0,9
191,The Joy of Sect,8.4,7.9,8.6,8.3,8.2,7.1,7.9,7.0,5.9,1142.0,7.0,342.0,624.0,132.0,127.0,1.0,38.0,63.0,17.0,9
192,Das Bus,8.2,7.1,8.5,8.1,8.1,6.9,7.5,6.5,6.2,1106.0,8.0,335.0,607.0,123.0,126.0,0.0,37.0,63.0,18.0,9
193,The Last Temptation of Krust,7.5,6.3,7.6,7.5,7.6,6.5,7.2,6.3,5.0,964.0,3.0,281.0,543.0,107.0,98.0,0.0,27.0,49.0,15.0,9
194,Dumbbell Indemnity,7.7,7.2,8.0,7.6,7.6,6.5,6.8,6.6,4.8,972.0,7.0,286.0,542.0,107.0,106.0,0.0,28.0,53.0,17.0,9
195,Lisa the Simpson,8.1,6.6,8.4,7.9,8.0,7.3,7.7,7.2,5.8,1058.0,15.0,324.0,569.0,117.0,113.0,1.0,31.0,54.0,18.0,9
196,This Little Wiggy,7.9,7.5,8.2,7.8,7.9,7.1,7.2,7.2,5.6,987.0,4.0,288.0,551.0,112.0,109.0,1.0,29.0,55.0,17.0,9
197,Simpson Tide,8.3,7.8,8.5,8.2,7.8,7.1,7.6,7.2,5.1,1087.0,4.0,331.0,602.0,111.0,109.0,0.0,28.0,59.0,16.0,9
198,The Trouble with Trillions,7.9,7.1,8.2,7.9,7.6,6.5,6.9,6.6,5.1,1040.0,7.0,297.0,585.0,119.0,94.0,0.0,24.0,50.0,15.0,9
199,Girly Edition,7.9,6.5,8.2,7.8,8.0,6.7,7.4,6.6,5.2,990.0,4.0,287.0,560.0,111.0,99.0,0.0,24.0,52.0,16.0,9
200,Trash of the Titans,8.5,7.8,8.7,8.3,8.3,7.2,8.0,7.0,6.3,1218.0,13.0,370.0,655.0,139.0,130.0,1.0,33.0,70.0,20.0,9
201,King of the Hill,8.3,8.0,8.5,8.1,8.0,7.1,7.6,7.0,6.0,1057.0,6.0,319.0,581.0,116.0,113.0,0.0,33.0,54.0,19.0,9
202,Lost Our Lisa,7.8,7.3,8.0,7.7,7.7,7.2,7.6,7.2,6.0,956.0,5.0,274.0,540.0,105.0,109.0,0.0,28.0,55.0,18.0,9
203,Natural Born Kissers,8.1,7.9,8.3,7.9,8.0,7.2,7.8,7.1,5.1,1044.0,12.0,323.0,561.0,114.0,108.0,0.0,32.0,56.0,15.0,9
204,Lard of the Dance,7.7,6.9,7.9,7.6,7.5,6.8,7.2,6.8,5.3,1018.0,6.0,308.0,556.0,114.0,120.0,0.0,31.0,59.0,23.0,10
205,The Wizard of Evergreen Terrace,8.2,8.3,8.5,8.0,7.8,6.9,7.4,6.9,5.6,1064.0,6.0,332.0,569.0,118.0,111.0,0.0,31.0,53.0,20.0,10
206,Bart the Mother,7.6,6.9,7.8,7.5,7.5,6.3,6.6,6.4,4.9,974.0,8.0,294.0,533.0,108.0,108.0,0.0,28.0,51.0,22.0,10
207,Treehouse of Horror IX,8.1,7.6,8.3,7.9,8.0,7.1,7.3,7.2,5.8,1109.0,6.0,343.0,587.0,129.0,135.0,0.0,42.0,63.0,21.0,10
208,When You Dish Upon a Star,7.3,6.5,7.6,7.2,7.4,6.2,6.4,6.3,5.3,1012.0,7.0,294.0,567.0,112.0,109.0,0.0,29.0,54.0,20.0,10
209,D'oh-in' in the Wind,7.6,6.7,7.8,7.5,7.6,6.7,6.8,6.7,5.6,979.0,5.0,278.0,552.0,110.0,105.0,0.0,28.0,51.0,19.0,10
210,Lisa Gets an 'A',8.1,7.7,8.3,8.0,7.9,7.3,7.8,7.2,6.0,1007.0,8.0,304.0,551.0,112.0,112.0,0.0,32.0,56.0,17.0,10
211,Homer Simpson in: 'Kidney Trouble',7.4,7.5,7.5,7.2,7.2,6.6,6.4,6.6,5.9,939.0,6.0,281.0,525.0,99.0,101.0,0.0,25.0,50.0,20.0,10
212,Mayored to the Mob,8.2,8.4,8.4,8.1,8.0,7.1,7.5,7.2,5.8,1052.0,5.0,313.0,584.0,116.0,108.0,0.0,27.0,54.0,21.0,10
213,Viva Ned Flanders,7.9,7.2,8.1,7.7,8.0,6.8,7.1,6.6,6.2,1013.0,9.0,306.0,552.0,115.0,108.0,0.0,28.0,53.0,20.0,10
214,Wild Barts Can't Be Broken,7.8,5.9,8.1,7.6,7.6,6.8,7.3,6.7,5.3,933.0,7.0,275.0,522.0,100.0,104.0,1.0,26.0,51.0,19.0,10
215,"Sunday, Cruddy Sunday",7.1,6.6,7.3,6.9,6.9,5.8,5.8,6.1,4.5,951.0,5.0,269.0,537.0,107.0,91.0,0.0,24.0,46.0,16.0,10
216,Homer to the Max,7.8,6.4,7.9,7.7,7.8,6.8,7.3,6.6,5.4,1001.0,6.0,287.0,564.0,114.0,96.0,0.0,28.0,45.0,17.0,10
217,I'm with Cupid,7.4,6.3,7.6,7.2,7.4,6.6,7.1,6.6,5.3,889.0,6.0,260.0,496.0,102.0,101.0,0.0,27.0,51.0,17.0,10
218,Marge Simpson in 'Screaming Yellow Honkers',7.4,6.8,7.6,7.2,7.4,6.3,6.8,6.3,4.6,916.0,4.0,270.0,512.0,103.0,93.0,0.0,24.0,46.0,18.0,10
219,Make Room for Lisa,7.5,7.1,7.8,7.4,7.3,6.8,7.1,6.8,5.5,894.0,5.0,270.0,497.0,96.0,97.0,0.0,27.0,46.0,19.0,10
220,Maximum Homerdrive,7.8,7.1,8.0,7.7,7.6,6.6,7.0,6.6,4.7,948.0,5.0,272.0,541.0,101.0,97.0,0.0,27.0,46.0,17.0,10
221,Simpsons Bible Stories,7.4,6.9,7.6,7.2,7.5,6.7,7.4,6.6,4.8,943.0,6.0,282.0,524.0,103.0,102.0,0.0,32.0,46.0,19.0,10
222,Mom and Pop Art,7.6,6.5,8.0,7.5,7.5,6.7,6.9,6.8,5.3,947.0,6.0,291.0,521.0,99.0,102.0,0.0,29.0,51.0,17.0,10
223,The Old Man and the 'C' Student,7.3,7.5,7.6,7.2,7.3,6.5,6.8,6.5,5.4,863.0,4.0,261.0,477.0,95.0,95.0,0.0,25.0,47.0,19.0,10
224,Monty Can't Buy Me Love,7.2,6.5,7.4,7.1,7.1,6.1,6.6,6.1,4.5,882.0,4.0,249.0,501.0,103.0,87.0,0.0,25.0,43.0,14.0,10
225,They Saved Lisa's Brain,7.4,6.5,7.6,7.3,7.5,6.3,6.9,6.2,5.3,896.0,7.0,254.0,508.0,99.0,92.0,0.0,24.0,47.0,16.0,10
226,Thirty Minutes Over Tokyo,8.0,7.6,8.5,7.7,7.9,7.0,7.1,7.0,5.6,1041.0,5.0,321.0,566.0,115.0,124.0,0.0,40.0,60.0,18.0,10
227,Beyond Blunderdome,7.4,6.2,7.7,7.3,7.1,6.2,6.8,6.1,4.6,1001.0,4.0,297.0,561.0,112.0,98.0,0.0,28.0,47.0,18.0,11
228,Brother's Little Helper,7.6,7.0,7.9,7.4,7.5,6.6,6.8,6.7,5.7,860.0,4.0,252.0,486.0,93.0,96.0,0.0,24.0,49.0,19.0,11
229,Guess Who's Coming to Criticize Dinner?,7.5,6.3,7.9,7.4,7.3,6.4,6.7,6.3,5.3,885.0,6.0,259.0,495.0,100.0,92.0,0.0,26.0,44.0,18.0,11
230,Treehouse of Horror X,7.8,7.0,8.0,7.6,7.8,6.7,7.6,6.3,5.4,989.0,6.0,304.0,525.0,114.0,118.0,0.0,37.0,57.0,17.0,11
231,E-I-E-I-(Annoyed Grunt),7.8,7.2,8.1,7.6,7.5,6.5,7.2,6.3,4.7,915.0,5.0,274.0,510.0,99.0,92.0,0.0,27.0,44.0,16.0,11
232,"Hello Gutter, Hello Fadder",7.4,6.2,7.7,7.2,7.1,6.3,7.1,6.2,4.6,840.0,4.0,251.0,470.0,92.0,86.0,0.0,24.0,44.0,14.0,11
233,Eight Misbehavin',7.1,6.4,7.3,6.9,7.0,6.5,7.3,6.3,5.0,824.0,5.0,236.0,470.0,93.0,87.0,0.0,26.0,44.0,13.0,11
234,"Take My Wife, Sleaze",7.2,6.0,7.6,7.0,7.0,6.0,6.3,6.2,3.5,856.0,4.0,236.0,495.0,102.0,91.0,0.0,29.0,44.0,13.0,11
235,Grift of the Magi,7.4,6.8,7.6,7.3,7.2,6.7,7.6,6.4,5.5,893.0,7.0,267.0,488.0,105.0,107.0,0.0,30.0,51.0,20.0,11
236,Little Big Mom,7.4,7.8,7.7,7.2,7.0,6.4,6.8,6.3,4.5,802.0,4.0,241.0,447.0,88.0,94.0,0.0,28.0,45.0,15.0,11
237,Faith Off,6.9,5.5,7.1,6.7,6.9,5.7,6.0,5.8,3.9,820.0,5.0,237.0,462.0,93.0,78.0,0.0,23.0,39.0,12.0,11
238,The Mansion Family,7.4,6.3,7.7,7.2,7.2,6.2,6.8,6.0,4.5,823.0,5.0,242.0,464.0,89.0,88.0,0.0,25.0,45.0,13.0,11
239,Saddlesore Galactica,6.6,5.0,7.0,6.4,6.7,5.4,5.7,5.1,5.1,904.0,12.0,263.0,505.0,98.0,95.0,1.0,26.0,46.0,15.0,11
240,"Alone Again, Natura-Diddly",7.8,6.9,8.1,7.6,7.7,7.0,7.5,7.0,5.2,965.0,17.0,309.0,499.0,109.0,100.0,1.0,30.0,46.0,18.0,11
241,Missionary: Impossible,7.4,7.2,7.8,7.2,7.4,6.3,6.8,6.2,4.8,857.0,5.0,251.0,492.0,90.0,91.0,0.0,24.0,47.0,15.0,11
242,Pygmoelian,7.3,7.1,7.5,7.2,7.2,6.5,7.0,6.5,4.9,832.0,7.0,244.0,470.0,90.0,94.0,0.0,26.0,48.0,17.0,11
243,Bart to the Future,7.1,6.0,7.4,6.9,7.1,6.5,6.7,6.5,5.9,880.0,6.0,252.0,500.0,98.0,103.0,0.0,32.0,50.0,15.0,11
244,Days of Wine and D'oh'ses,7.4,7.2,7.7,7.3,7.4,6.2,6.9,6.0,4.6,816.0,5.0,247.0,453.0,89.0,84.0,0.0,25.0,42.0,13.0,11
245,Kill the Alligator and Run,6.6,7.3,6.9,6.4,6.6,5.8,6.6,5.6,4.2,895.0,7.0,251.0,512.0,96.0,84.0,0.0,23.0,42.0,13.0,11
246,Last Tap Dance in Springfield,7.2,6.3,7.5,7.0,6.9,6.4,7.1,6.2,4.8,791.0,5.0,229.0,456.0,81.0,86.0,0.0,25.0,42.0,14.0,11
247,"It's a Mad, Mad, Mad, Mad Marge",7.2,6.1,7.5,7.0,7.2,6.3,6.5,6.3,5.1,816.0,5.0,241.0,459.0,89.0,84.0,0.0,24.0,43.0,12.0,11
248,Behind the Laughter,7.9,5.4,8.3,7.8,7.6,7.0,7.8,6.9,5.2,1024.0,5.0,314.0,566.0,113.0,111.0,0.0,33.0,55.0,16.0,11
249,Treehouse of Horror XI,7.7,6.8,8.0,7.5,7.7,6.3,6.9,6.0,4.9,916.0,5.0,279.0,494.0,109.0,106.0,0.0,35.0,50.0,14.0,12
250,A Tale of Two Springfields,7.5,7.0,7.9,7.2,7.3,6.5,7.3,6.3,4.9,885.0,6.0,274.0,487.0,97.0,101.0,0.0,29.0,53.0,15.0,12
251,Insane Clown Poppy,7.0,6.9,7.3,6.8,7.1,6.0,6.5,6.0,4.5,813.0,5.0,233.0,456.0,94.0,85.0,0.0,23.0,47.0,11.0,12
252,Lisa the Treehugger,7.1,6.5,7.6,6.9,7.0,6.4,7.1,6.1,5.7,810.0,4.0,239.0,455.0,89.0,92.0,0.0,27.0,46.0,15.0,12
253,Homer vs. Dignity,7.1,6.0,7.4,6.9,7.1,6.0,5.9,6.2,4.8,836.0,4.0,248.0,471.0,92.0,100.0,1.0,32.0,48.0,16.0,12
254,The Computer Wore Menace Shoes,7.8,8.2,8.1,7.6,7.8,6.4,7.0,6.1,4.4,876.0,4.0,259.0,494.0,99.0,101.0,0.0,31.0,51.0,15.0,12
255,The Great Money Caper,7.3,6.5,7.7,7.1,7.1,6.3,6.8,6.4,4.1,819.0,4.0,242.0,461.0,91.0,99.0,0.0,26.0,55.0,15.0,12
256,Skinner's Sense of Snow,7.9,7.1,8.4,7.7,7.7,6.9,7.7,6.7,5.1,921.0,15.0,297.0,484.0,96.0,111.0,1.0,30.0,60.0,16.0,12
257,HOMR,8.1,6.6,8.5,7.9,7.9,7.1,7.5,7.1,4.9,968.0,13.0,320.0,510.0,101.0,107.0,1.0,33.0,55.0,14.0,12
258,Pokey Mom,7.2,7.0,7.5,7.0,7.1,6.2,6.7,6.4,3.8,818.0,4.0,248.0,455.0,90.0,89.0,0.0,24.0,50.0,11.0,12
259,Worst Episode Ever,7.5,6.1,7.8,7.3,7.4,6.2,6.4,6.2,5.1,844.0,9.0,255.0,465.0,93.0,91.0,1.0,23.0,47.0,16.0,12
260,Tennis the Menace,6.9,6.5,7.3,6.7,6.7,6.0,6.5,6.0,3.7,804.0,4.0,233.0,454.0,91.0,86.0,0.0,26.0,45.0,11.0,12
261,Day of the Jackanapes,7.1,7.5,7.4,6.9,7.1,6.2,6.9,6.1,3.7,746.0,4.0,220.0,416.0,86.0,81.0,0.0,26.0,39.0,12.0,12
262,New Kids on the Blecch,7.2,6.8,7.5,7.0,6.9,6.6,7.0,6.4,4.8,886.0,4.0,267.0,496.0,95.0,108.0,0.0,32.0,54.0,14.0,12
263,Hungry Hungry Homer,7.5,7.0,7.9,7.3,7.3,6.4,7.2,6.3,4.8,812.0,5.0,248.0,448.0,91.0,88.0,0.0,23.0,47.0,15.0,12
264,Bye Bye Nerdy,6.6,5.3,6.9,6.5,6.6,5.8,6.2,5.9,4.6,758.0,5.0,225.0,426.0,82.0,88.0,0.0,22.0,49.0,13.0,12
265,Simpson Safari,6.8,6.4,7.3,6.6,6.6,5.6,6.2,5.5,3.8,798.0,6.0,233.0,448.0,88.0,82.0,0.0,23.0,41.0,14.0,12
266,Trilogy of Error,8.6,8.0,9.0,8.3,8.2,7.2,7.5,7.3,5.1,1186.0,14.0,424.0,609.0,106.0,133.0,1.0,40.0,71.0,17.0,12
267,I'm Goin' to Praiseland,7.3,6.3,7.6,7.1,7.2,6.2,6.7,6.3,4.3,782.0,3.0,243.0,428.0,86.0,85.0,0.0,22.0,45.0,14.0,12
268,Children of a Lesser Clod,7.2,6.0,7.6,7.0,7.0,6.2,6.5,6.4,4.4,729.0,3.0,218.0,411.0,81.0,85.0,0.0,21.0,46.0,15.0,12
269,Simpsons Tall Tales,7.0,6.3,7.4,6.7,6.8,6.1,6.8,6.1,4.6,764.0,3.0,224.0,432.0,86.0,79.0,0.0,22.0,40.0,13.0,12
270,Treehouse of Horror XII,7.6,6.6,7.9,7.4,7.3,6.5,7.0,6.4,5.9,907.0,5.0,287.0,483.0,103.0,111.0,0.0,32.0,56.0,19.0,13
271,The Parent Rap,7.1,7.5,7.6,6.8,7.0,6.1,6.6,6.1,4.6,753.0,4.0,229.0,409.0,88.0,84.0,0.0,24.0,44.0,13.0,13
272,Homer the Moe,7.2,5.9,7.6,7.0,7.1,6.0,5.8,6.2,4.6,768.0,6.0,235.0,418.0,87.0,84.0,0.0,23.0,45.0,13.0,13
273,A Hunka Hunka Burns in Love,7.1,4.2,7.5,6.9,7.0,5.9,6.2,5.9,4.8,741.0,4.0,223.0,410.0,84.0,78.0,0.0,21.0,42.0,13.0,13
274,The Blunder Years,7.7,8.0,8.3,7.5,7.2,6.4,7.4,6.2,5.0,793.0,3.0,244.0,435.0,89.0,102.0,0.0,29.0,54.0,16.0,13
275,She of Little Faith,7.1,6.0,7.5,6.9,6.8,6.6,7.6,6.2,6.2,777.0,3.0,235.0,427.0,88.0,88.0,0.0,23.0,43.0,18.0,13
276,Brawl in the Family,6.8,5.7,7.1,6.7,6.8,6.1,7.0,6.2,3.4,715.0,3.0,217.0,399.0,78.0,85.0,0.0,18.0,48.0,16.0,13
277,Sweets and Sour Marge,7.0,6.0,7.4,6.8,6.8,6.0,7.3,6.0,3.7,714.0,3.0,221.0,390.0,83.0,92.0,0.0,22.0,49.0,16.0,13
278,Jaws Wired Shut,7.2,6.3,7.6,7.0,7.0,6.1,6.1,6.2,4.7,728.0,3.0,225.0,400.0,84.0,91.0,0.0,23.0,46.0,18.0,13
279,Half-Decent Proposal,7.4,6.3,7.7,7.2,7.2,6.2,7.1,6.3,3.6,751.0,3.0,235.0,408.0,83.0,93.0,0.0,27.0,49.0,14.0,13
280,The Bart Wants What It Wants,7.1,7.0,7.3,6.9,7.0,6.0,6.9,6.0,2.8,695.0,3.0,208.0,381.0,84.0,81.0,0.0,23.0,43.0,12.0,13
281,The Lastest Gun in the West,6.5,4.0,6.7,6.4,6.8,5.2,5.5,5.5,2.0,735.0,3.0,220.0,399.0,94.0,80.0,0.0,21.0,44.0,12.0,13
282,The Old Man and the Key,6.5,5.0,6.7,6.3,6.5,5.4,5.6,5.8,1.9,694.0,3.0,208.0,382.0,84.0,78.0,0.0,18.0,45.0,12.0,13
283,Tales from the Public Domain,7.3,5.3,7.7,7.0,7.2,6.0,6.4,6.2,3.2,716.0,3.0,218.0,395.0,84.0,79.0,0.0,24.0,41.0,11.0,13
284,Blame It on Lisa,7.1,6.7,7.5,6.7,7.0,5.6,6.2,5.8,2.4,745.0,3.0,229.0,407.0,87.0,79.0,0.0,22.0,41.0,12.0,13
285,Weekend at Burnsie's,7.8,6.0,8.2,7.6,7.6,6.2,6.4,6.3,4.1,854.0,3.0,263.0,471.0,95.0,87.0,0.0,23.0,46.0,14.0,13
286,Gump Roast,5.5,3.1,5.8,5.3,5.6,4.7,6.0,4.7,3.3,772.0,5.0,236.0,422.0,89.0,87.0,0.0,19.0,49.0,16.0,13
287,I Am Furious Yellow,7.7,7.0,8.1,7.5,7.6,6.5,7.0,6.5,5.2,785.0,4.0,258.0,414.0,92.0,90.0,0.0,23.0,45.0,18.0,13
288,The Sweetest Apu,6.8,4.3,7.2,6.6,6.7,5.4,6.3,5.6,2.8,674.0,3.0,213.0,365.0,77.0,77.0,0.0,22.0,40.0,12.0,13
289,Little Girl in the Big Ten,7.1,5.3,7.4,7.0,6.8,6.1,6.8,6.1,4.5,686.0,3.0,212.0,374.0,79.0,81.0,0.0,23.0,41.0,13.0,13
290,The Frying Game,7.1,6.5,7.7,6.8,6.6,5.6,5.9,5.9,3.4,704.0,4.0,215.0,384.0,82.0,81.0,0.0,22.0,42.0,14.0,13
291,Papa's Got a Brand New Badge,7.9,6.6,8.4,7.6,7.4,6.6,6.5,6.9,4.9,806.0,11.0,284.0,397.0,91.0,96.0,1.0,23.0,52.0,15.0,13
292,Treehouse of Horror XIII,7.7,6.3,8.1,7.4,7.6,6.6,7.2,6.2,5.9,841.0,3.0,267.0,446.0,101.0,94.0,0.0,32.0,42.0,14.0,14
293,How I Spent My Strummer Vacation,7.3,6.2,7.8,7.0,7.4,6.3,6.9,6.3,4.2,792.0,5.0,244.0,425.0,97.0,99.0,0.0,31.0,48.0,16.0,14
294,Bart vs. Lisa vs. 3rd Grade,7.1,6.0,7.4,6.8,7.0,6.0,7.0,5.8,3.9,720.0,4.0,230.0,384.0,81.0,77.0,0.0,25.0,36.0,13.0,14
295,Large Marge,7.1,5.5,7.4,6.8,7.1,6.0,7.1,6.1,2.7,772.0,4.0,241.0,418.0,93.0,85.0,0.0,28.0,42.0,13.0,14
296,Helter Shelter,6.8,6.0,7.1,6.6,6.6,5.7,6.1,6.2,3.0,693.0,4.0,209.0,377.0,87.0,82.0,0.0,22.0,43.0,14.0,14
297,The Great Louse Detective,7.2,6.0,7.7,6.9,7.1,6.0,6.6,6.0,3.2,718.0,4.0,227.0,382.0,85.0,82.0,0.0,28.0,35.0,15.0,14
298,Special Edna,7.1,4.3,7.3,6.9,7.1,5.9,6.8,6.0,2.3,706.0,13.0,230.0,363.0,84.0,72.0,1.0,22.0,35.0,10.0,14
299,The Dad Who Knew Too Little,7.3,5.8,7.7,7.0,6.9,6.0,6.4,6.0,3.9,691.0,4.0,216.0,370.0,83.0,72.0,0.0,22.0,34.0,11.0,14
300,The Strong Arms of the Ma,6.8,6.0,7.3,6.5,6.7,6.2,6.9,6.1,3.6,722.0,4.0,220.0,391.0,92.0,80.0,0.0,25.0,38.0,13.0,14
301,Pray Anything,6.8,6.2,7.2,6.5,6.6,5.6,6.2,5.8,2.6,662.0,4.0,203.0,359.0,82.0,74.0,0.0,21.0,37.0,12.0,14
302,Barting Over,6.7,5.3,7.2,6.4,6.6,5.4,6.3,5.4,2.3,726.0,3.0,230.0,396.0,80.0,68.0,0.0,19.0,34.0,12.0,14
303,I'm Spelling as Fast as I Can,7.3,6.2,7.5,7.1,7.0,5.8,6.1,6.0,2.7,699.0,4.0,220.0,374.0,84.0,78.0,0.0,24.0,39.0,12.0,14
304,A Star Is Born Again,7.0,5.1,7.3,6.7,7.0,5.9,6.3,6.0,3.4,702.0,9.0,222.0,371.0,83.0,77.0,0.0,24.0,38.0,11.0,14
305,Mr. Spritz Goes to Washington,6.8,6.3,7.2,6.7,6.5,5.5,6.4,5.4,2.3,660.0,3.0,205.0,357.0,78.0,73.0,0.0,22.0,37.0,10.0,14
306,C.E.D'oh,7.2,5.0,7.7,6.9,7.1,5.7,6.0,5.7,3.6,639.0,3.0,199.0,345.0,79.0,69.0,0.0,21.0,33.0,11.0,14
307,'Scuse Me While I Miss the Sky,7.2,6.0,7.6,6.8,7.1,5.4,5.8,5.8,1.8,638.0,3.0,198.0,346.0,77.0,67.0,0.0,21.0,33.0,10.0,14
308,Three Gays of the Condo,7.1,5.7,7.6,6.8,7.1,6.2,6.7,6.4,3.4,714.0,3.0,219.0,388.0,87.0,83.0,0.0,27.0,41.0,13.0,14
309,"Dude, Where's My Ranch?",6.9,6.0,7.2,6.7,6.8,5.9,6.5,5.8,3.9,713.0,3.0,226.0,379.0,86.0,83.0,0.0,28.0,39.0,12.0,14
310,Old Yeller-Belly,6.7,6.0,7.1,6.4,6.7,5.5,6.2,5.6,3.0,650.0,3.0,202.0,350.0,79.0,66.0,0.0,18.0,33.0,11.0,14
311,"Brake My Wife, Please",6.7,5.0,7.2,6.5,6.7,5.6,7.0,5.4,3.6,635.0,3.0,193.0,345.0,79.0,69.0,0.0,18.0,35.0,13.0,14
312,Moe Baby Blues,7.7,5.5,8.2,7.2,7.5,6.6,6.9,6.9,4.2,796.0,13.0,293.0,387.0,83.0,86.0,1.0,21.0,45.0,15.0,14
313,The Bart of War,6.6,4.7,7.0,6.3,6.8,5.3,6.2,5.4,2.7,649.0,3.0,205.0,345.0,80.0,64.0,0.0,17.0,30.0,13.0,14
314,Treehouse of Horror XIV,7.4,5.0,7.8,7.2,7.4,6.7,7.0,6.3,5.8,843.0,4.0,274.0,439.0,101.0,100.0,0.0,35.0,42.0,17.0,15
315,My Mother the Carjacker,7.3,6.5,7.6,7.0,7.3,5.9,6.2,6.1,2.3,678.0,5.0,213.0,360.0,80.0,74.0,0.0,25.0,35.0,11.0,15
316,The President Wore Pearls,6.9,5.0,7.4,6.7,6.7,5.7,6.6,5.7,2.7,700.0,3.0,229.0,365.0,84.0,82.0,0.0,20.0,42.0,17.0,15
317,The Regina Monologues,7.1,6.3,7.6,6.7,6.8,6.0,6.5,6.2,2.5,748.0,3.0,234.0,404.0,87.0,87.0,0.0,26.0,46.0,13.0,15
318,The Fat and the Furriest,7.1,6.0,7.5,6.8,7.0,5.7,6.0,5.9,4.0,668.0,3.0,213.0,358.0,77.0,73.0,0.0,22.0,36.0,12.0,15
319,"Today, I Am a Clown",6.5,4.3,6.9,6.2,6.5,5.3,6.1,5.4,2.3,647.0,3.0,202.0,346.0,76.0,68.0,0.0,18.0,36.0,11.0,15
320,'Tis the Fifteenth Season,7.1,6.8,7.4,6.8,7.0,5.9,6.9,5.9,3.4,660.0,4.0,210.0,346.0,80.0,82.0,0.0,26.0,39.0,14.0,15
321,"Marge vs. Singles, Seniors, Childless Couples and Teens and Gays",6.7,5.7,6.9,6.5,6.7,5.6,6.9,5.5,2.4,649.0,3.0,203.0,351.0,74.0,74.0,0.0,21.0,39.0,11.0,15
322,"I, (Annoyed Grunt)-Bot",7.3,6.3,7.7,6.9,7.2,6.1,6.3,6.3,4.4,681.0,3.0,218.0,361.0,82.0,86.0,0.0,24.0,43.0,14.0,15
323,Diatribe of a Mad Housewife,7.2,6.3,7.6,6.9,7.2,6.3,6.9,6.4,3.3,659.0,3.0,208.0,353.0,77.0,80.0,0.0,25.0,39.0,12.0,15
324,Margical History Tour,7.1,6.0,7.6,6.8,7.0,5.8,5.8,6.2,4.2,645.0,2.0,200.0,352.0,76.0,76.0,0.0,22.0,40.0,11.0,15
325,Milhouse Doesn't Live Here Anymore,7.1,5.3,7.5,6.9,7.2,6.1,6.5,6.4,2.3,653.0,3.0,212.0,351.0,73.0,79.0,0.0,25.0,40.0,10.0,15
326,Smart & Smarter,7.1,6.0,7.5,6.8,6.9,6.3,6.9,6.3,3.4,649.0,5.0,205.0,347.0,77.0,87.0,0.0,30.0,42.0,11.0,15
327,The Ziff Who Came to Dinner,6.8,5.3,7.1,6.6,6.9,5.6,6.6,5.4,3.0,627.0,3.0,193.0,344.0,71.0,80.0,0.0,25.0,41.0,11.0,15
328,Co-Dependent's Day,6.8,4.5,7.0,6.7,6.8,5.5,6.2,5.5,3.2,636.0,4.0,188.0,352.0,76.0,70.0,0.0,24.0,31.0,12.0,15
329,The Wandering Juvie,7.0,6.5,7.4,6.8,6.9,5.7,6.6,5.8,2.2,674.0,4.0,213.0,356.0,82.0,76.0,0.0,24.0,38.0,11.0,15
330,My Big Fat Geek Wedding,6.7,4.1,6.9,6.5,6.7,5.3,5.8,5.6,2.2,644.0,13.0,211.0,332.0,71.0,78.0,1.0,23.0,39.0,12.0,15
331,Catch 'Em If You Can,7.0,6.5,7.6,6.7,7.0,5.8,6.7,5.7,2.9,675.0,4.0,203.0,369.0,80.0,78.0,0.0,23.0,39.0,13.0,15
332,Simple Simpson,7.3,5.2,7.7,7.1,7.0,5.9,6.2,6.0,3.8,688.0,5.0,223.0,361.0,82.0,78.0,0.0,23.0,36.0,14.0,15
333,The Way We Weren't,7.2,4.5,7.7,6.9,7.1,5.9,6.5,6.0,2.5,662.0,4.0,210.0,356.0,77.0,75.0,0.0,25.0,35.0,11.0,15
334,Bart-Mangled Banner,6.3,4.4,6.7,6.1,6.6,5.1,5.5,5.3,3.2,663.0,5.0,206.0,358.0,74.0,80.0,0.0,23.0,39.0,14.0,15
335,Fraudcast News,7.2,6.5,7.6,7.0,6.8,5.9,6.3,6.1,3.1,631.0,5.0,197.0,340.0,75.0,71.0,0.0,24.0,31.0,12.0,15
336,Treehouse of Horror XV,7.4,5.5,7.8,7.3,7.4,6.4,6.9,6.3,4.1,770.0,4.0,240.0,413.0,89.0,87.0,0.0,28.0,42.0,11.0,16
337,All's Fair in Oven War,6.9,5.7,7.4,6.6,6.8,5.7,6.4,5.7,2.4,638.0,3.0,191.0,350.0,75.0,77.0,0.0,24.0,37.0,12.0,16
338,Sleeping with the Enemy,7.1,5.3,7.6,6.8,6.8,6.1,6.7,6.3,2.3,650.0,3.0,204.0,347.0,78.0,75.0,0.0,25.0,35.0,10.0,16
339,She Used to Be My Girl,6.5,4.7,6.9,6.4,6.5,5.5,6.4,5.4,2.3,630.0,3.0,193.0,339.0,78.0,75.0,0.0,20.0,40.0,11.0,16
340,Fat Man and Little Boy,7.1,6.0,7.5,6.9,6.8,5.6,6.6,5.5,2.5,616.0,3.0,183.0,343.0,71.0,63.0,0.0,19.0,30.0,11.0,16
341,Midnight Rx,7.2,6.7,7.6,6.9,6.9,5.8,6.8,5.6,3.7,633.0,3.0,190.0,350.0,72.0,66.0,0.0,21.0,32.0,10.0,16
342,Mommie Beerest,6.9,6.3,7.3,6.7,6.7,5.5,7.0,5.3,2.2,600.0,3.0,180.0,330.0,69.0,63.0,0.0,20.0,31.0,9.0,16
343,Homer and Ned's Hail Mary Pass,6.3,5.0,6.8,6.1,6.2,5.1,6.3,4.7,2.7,643.0,3.0,184.0,363.0,74.0,70.0,0.0,22.0,33.0,11.0,16
344,Pranksta Rap,6.7,5.0,7.3,6.4,6.3,5.3,6.6,4.7,3.8,657.0,4.0,199.0,361.0,72.0,79.0,0.0,24.0,37.0,14.0,16
345,There's Something About Marrying,6.9,6.3,7.5,6.6,7.0,5.9,7.0,5.7,3.3,642.0,3.0,192.0,363.0,67.0,72.0,0.0,21.0,35.0,13.0,16
346,On a Clear Day I Can't See My Sister,6.8,5.3,7.3,6.6,6.7,5.5,6.8,5.1,2.4,632.0,3.0,187.0,352.0,73.0,71.0,0.0,22.0,36.0,10.0,16
347,Goo Goo Gai Pan,7.0,5.8,7.5,6.7,6.5,5.7,7.0,5.2,3.7,655.0,4.0,202.0,362.0,69.0,74.0,0.0,20.0,36.0,14.0,16
348,Mobile Homer,6.8,6.7,7.2,6.6,6.5,5.6,7.1,5.2,2.9,615.0,5.0,186.0,337.0,69.0,66.0,0.0,21.0,31.0,11.0,16
349,The Seven-Beer Snitch,6.8,5.5,7.3,6.6,6.5,5.4,6.2,5.3,3.2,612.0,4.0,179.0,340.0,71.0,66.0,0.0,18.0,32.0,13.0,16
350,Future-Drama,7.3,5.8,7.9,7.0,6.9,6.2,7.1,6.1,3.8,673.0,4.0,212.0,366.0,73.0,88.0,0.0,27.0,42.0,15.0,16
351,Don't Fear the Roofer,7.5,5.8,8.1,7.2,7.0,6.2,7.2,5.8,4.8,719.0,4.0,227.0,390.0,78.0,86.0,0.0,25.0,39.0,18.0,16
352,The Heartbroke Kid,7.1,5.5,7.6,6.8,7.2,5.9,6.8,5.7,3.8,637.0,4.0,192.0,351.0,75.0,74.0,0.0,22.0,35.0,13.0,16
353,A Star Is Torn,6.7,5.7,7.2,6.3,6.4,5.8,6.8,5.5,4.1,613.0,3.0,186.0,335.0,70.0,76.0,0.0,19.0,37.0,15.0,16
354,Thank God It's Doomsday,7.2,5.7,7.7,7.0,6.9,5.8,6.5,5.7,4.0,645.0,3.0,196.0,352.0,74.0,71.0,0.0,18.0,34.0,15.0,16
355,Home Away from Homer,7.1,6.3,7.4,6.8,6.9,5.7,6.6,5.5,2.6,617.0,3.0,184.0,340.0,71.0,70.0,0.0,21.0,32.0,13.0,16
356,"The Father, the Son, and the Holy Guest Star",7.3,6.3,7.8,7.0,6.9,6.0,6.8,5.9,2.1,683.0,3.0,213.0,373.0,76.0,93.0,0.0,31.0,45.0,13.0,16
357,The Bonfire of the Manatees,6.2,3.8,6.6,6.0,6.1,4.8,5.7,4.7,3.0,675.0,4.0,208.0,371.0,71.0,74.0,0.0,18.0,35.0,17.0,17
358,The Girl Who Slept Too Little,6.8,6.2,7.3,6.5,6.7,6.0,7.0,5.6,4.5,640.0,4.0,192.0,350.0,75.0,76.0,0.0,20.0,35.0,17.0,17
359,Milhouse of Sand and Fog,6.9,6.0,7.4,6.6,6.9,5.5,6.2,5.5,2.7,611.0,3.0,182.0,331.0,75.0,71.0,0.0,21.0,32.0,14.0,17
360,Treehouse of Horror XVI,7.3,5.5,7.7,7.1,7.4,6.1,6.7,5.9,3.8,720.0,4.0,223.0,385.0,85.0,94.0,0.0,30.0,45.0,13.0,17
361,Marge's Son Poisoning,6.8,5.0,7.3,6.5,6.6,6.0,7.3,5.8,2.2,624.0,3.0,191.0,344.0,68.0,70.0,0.0,21.0,34.0,10.0,17
362,See Homer Run,6.9,5.0,7.3,6.6,6.8,5.3,6.0,5.1,3.2,618.0,4.0,186.0,339.0,70.0,60.0,0.0,17.0,27.0,11.0,17
363,The Last of the Red Hat Mamas,6.6,5.3,7.0,6.4,6.6,5.5,6.5,5.5,2.2,621.0,3.0,186.0,338.0,76.0,69.0,0.0,18.0,35.0,11.0,17
364,The Italian Bob,7.1,6.2,7.7,6.6,7.0,6.0,6.8,5.9,3.9,751.0,5.0,231.0,416.0,75.0,87.0,0.0,23.0,43.0,15.0,17
365,Simpsons Christmas Stories,6.9,5.7,7.3,6.6,6.7,5.9,6.8,5.8,3.0,608.0,3.0,188.0,327.0,74.0,75.0,0.0,19.0,40.0,12.0,17
366,Homer's Paternity Coot,6.7,5.8,7.1,6.3,6.7,5.4,6.4,5.3,3.4,600.0,4.0,179.0,328.0,74.0,69.0,0.0,19.0,38.0,9.0,17
367,We're on the Road to D'ohwhere,7.0,6.2,7.5,6.7,6.8,5.4,6.5,5.5,3.2,592.0,4.0,173.0,328.0,69.0,61.0,0.0,17.0,30.0,12.0,17
368,My Fair Laddy,6.4,3.0,7.0,6.1,6.4,5.2,5.7,5.1,3.9,633.0,3.0,196.0,348.0,70.0,72.0,0.0,20.0,34.0,15.0,17
369,The Seemingly Never-Ending Story,7.6,6.1,8.1,7.3,7.4,6.1,6.9,5.9,4.2,715.0,5.0,248.0,373.0,70.0,77.0,0.0,23.0,37.0,14.0,17
370,Bart Has Two Mommies,7.0,5.8,7.5,6.7,6.9,5.7,6.5,5.7,2.6,604.0,4.0,182.0,328.0,73.0,71.0,0.0,20.0,34.0,14.0,17
371,"Homer Simpson, This Is Your Wife",6.5,4.2,6.9,6.2,6.5,5.4,5.6,5.5,2.8,830.0,4.0,240.0,470.0,98.0,100.0,0.0,25.0,54.0,18.0,17
372,Million Dollar Abie,6.5,5.0,6.9,6.2,6.6,5.0,5.6,5.3,1.2,613.0,3.0,182.0,338.0,74.0,64.0,0.0,17.0,34.0,10.0,17
373,"Kiss Kiss, Bang Bangalore",7.2,5.2,7.5,7.1,7.0,5.9,6.5,5.9,2.1,680.0,4.0,196.0,386.0,79.0,84.0,0.0,24.0,42.0,14.0,17
374,The Wettest Stories Ever Told,6.7,7.2,7.1,6.4,6.8,5.1,5.8,5.2,1.9,596.0,4.0,184.0,323.0,70.0,69.0,0.0,22.0,30.0,12.0,17
375,Girls Just Want to Have Sums,7.2,4.8,7.6,6.9,7.1,5.7,6.1,5.7,3.2,652.0,13.0,205.0,347.0,73.0,88.0,1.0,27.0,40.0,15.0,17
376,Regarding Margie,6.6,6.2,7.2,6.3,6.6,5.8,7.1,5.4,1.8,604.0,5.0,183.0,331.0,68.0,68.0,0.0,22.0,30.0,12.0,17
377,The Monkey Suit,7.1,5.2,7.6,6.9,6.7,5.5,5.7,5.7,2.2,650.0,4.0,201.0,360.0,67.0,66.0,0.0,19.0,31.0,11.0,17
378,Homer and Marge Turn a Couple Play,6.4,3.5,6.8,6.1,6.4,5.2,6.6,4.8,2.0,622.0,4.0,185.0,341.0,75.0,74.0,0.0,22.0,38.0,11.0,17
379,"The Mook, the Chef, the Wife and Her Homer",7.6,7.2,8.0,7.4,7.1,6.2,6.9,6.0,3.1,796.0,5.0,252.0,439.0,81.0,87.0,0.0,25.0,45.0,11.0,18
380,Jazzy & The Pussycats,6.7,4.7,7.2,6.4,6.8,5.6,6.5,5.5,3.1,699.0,3.0,204.0,390.0,82.0,76.0,0.0,24.0,37.0,12.0,18
381,"Please Homer, Don't Hammer 'Em",6.7,6.0,7.3,6.4,6.7,5.6,6.8,5.3,2.9,666.0,4.0,191.0,370.0,84.0,75.0,0.0,24.0,35.0,12.0,18
382,Treehouse of Horror XVII,6.9,5.5,7.2,6.7,7.2,5.9,6.8,5.6,4.1,783.0,4.0,232.0,433.0,91.0,92.0,0.0,29.0,41.0,16.0,18
383,G.I. (Annoyed Grunt),6.8,6.7,7.3,6.5,6.7,5.9,6.7,5.9,4.5,679.0,3.0,192.0,381.0,83.0,77.0,0.0,17.0,40.0,16.0,18
384,Moe'N'a Lisa,6.7,4.8,7.2,6.5,6.6,5.8,6.7,5.6,3.6,648.0,4.0,188.0,367.0,71.0,72.0,0.0,20.0,37.0,12.0,18
385,Ice Cream of Margie: With the Light Blue Hair,7.0,6.8,7.5,6.6,6.8,5.9,6.8,5.8,2.6,639.0,4.0,195.0,358.0,66.0,77.0,0.0,18.0,41.0,12.0,18
386,The Haw-Hawed Couple,7.1,6.9,7.6,6.9,7.0,5.8,6.7,5.8,1.2,640.0,5.0,198.0,349.0,72.0,65.0,0.0,20.0,32.0,9.0,18
387,"Kill Gil, Vol. 1 & 2",6.3,4.8,6.6,6.1,6.5,5.0,5.4,5.1,2.6,671.0,5.0,207.0,363.0,78.0,73.0,0.0,19.0,40.0,11.0,18
388,The Wife Aquatic,6.6,6.0,7.1,6.4,6.5,5.7,6.7,5.4,2.6,638.0,4.0,184.0,360.0,77.0,78.0,0.0,19.0,44.0,11.0,18
389,Revenge Is a Dish Best Served Three Times,7.0,6.3,7.5,6.7,7.1,5.6,6.5,5.3,4.2,636.0,5.0,195.0,345.0,77.0,64.0,0.0,16.0,33.0,11.0,18
390,Little Big Girl,6.8,6.0,7.3,6.5,6.9,5.8,7.1,5.4,2.6,678.0,4.0,209.0,379.0,74.0,89.0,0.0,29.0,44.0,12.0,18
391,Springfield Up,7.3,5.1,7.8,7.0,6.9,6.0,7.1,5.9,3.1,655.0,5.0,204.0,360.0,72.0,82.0,0.0,22.0,45.0,12.0,18
392,Yokel Chords,6.9,5.0,7.3,6.5,7.0,5.7,6.6,5.7,3.0,654.0,3.0,189.0,369.0,80.0,78.0,0.0,21.0,41.0,13.0,18
393,Rome-old and Juli-eh,6.3,5.2,6.7,6.0,6.4,4.6,6.0,4.7,1.2,639.0,4.0,205.0,340.0,77.0,66.0,0.0,15.0,38.0,11.0,18
394,Homerazzi,7.0,5.8,7.5,6.7,7.1,6.0,6.5,5.9,3.2,656.0,4.0,205.0,355.0,77.0,73.0,0.0,20.0,37.0,11.0,18
395,Marge Gamer,7.3,5.8,7.8,6.9,7.2,5.8,7.1,5.6,1.6,713.0,4.0,228.0,389.0,77.0,81.0,0.0,24.0,41.0,12.0,18
396,The Boys of Bummer,6.1,4.8,6.3,5.9,6.4,4.9,5.4,4.9,1.4,640.0,4.0,196.0,350.0,71.0,71.0,0.0,20.0,34.0,12.0,18
397,Crook and Ladder,7.0,5.3,7.3,6.6,7.1,5.7,6.5,5.9,2.1,602.0,3.0,188.0,328.0,68.0,64.0,0.0,18.0,32.0,11.0,18
398,Stop or My Dog Will Shoot,6.9,6.0,7.2,6.6,6.9,5.5,6.4,5.6,2.4,611.0,3.0,181.0,340.0,72.0,63.0,0.0,16.0,33.0,11.0,18
399,24 Minutes,8.1,5.4,8.5,7.9,8.1,6.5,7.2,6.4,4.4,1149.0,13.0,379.0,625.0,103.0,139.0,1.0,44.0,71.0,19.0,18
400,You Kent Always Say What You Want,7.2,5.0,7.6,6.9,7.4,5.9,6.8,5.6,4.1,706.0,3.0,223.0,391.0,72.0,82.0,0.0,19.0,42.0,17.0,18
401,He Loves to Fly and He D'ohs,6.7,5.7,7.0,6.4,6.8,5.3,6.8,5.2,2.0,709.0,3.0,202.0,403.0,85.0,72.0,0.0,18.0,38.0,11.0,19
402,Homer of Seville,6.6,4.3,7.1,6.3,6.6,5.4,6.7,5.2,1.6,704.0,3.0,213.0,394.0,77.0,77.0,0.0,22.0,38.0,13.0,19
403,Midnight Towboy,7.2,7.5,7.6,6.9,7.1,5.7,6.0,6.0,1.8,660.0,4.0,198.0,372.0,73.0,73.0,0.0,20.0,38.0,11.0,19
404,I Don't Wanna Know Why the Caged Bird Sings,6.8,5.3,7.3,6.4,7.1,5.7,6.6,5.7,3.2,640.0,3.0,187.0,356.0,77.0,72.0,0.0,18.0,38.0,11.0,19
405,Treehouse of Horror XVIII,7.0,6.0,7.4,6.7,7.2,5.9,6.7,6.0,3.0,714.0,3.0,204.0,401.0,85.0,78.0,0.0,22.0,39.0,11.0,19
406,Little Orphan Millie,6.6,5.2,6.9,6.4,6.9,5.2,6.4,5.1,1.4,622.0,4.0,185.0,347.0,71.0,65.0,0.0,17.0,38.0,8.0,19
407,Husbands and Knives,7.0,5.7,7.2,6.8,6.9,5.8,6.6,6.0,1.9,770.0,3.0,227.0,435.0,90.0,78.0,0.0,18.0,45.0,12.0,19
408,Funeral for a Fiend,7.2,6.7,7.6,6.8,7.3,5.2,5.9,5.3,3.5,705.0,3.0,200.0,400.0,82.0,73.0,0.0,19.0,39.0,11.0,19
409,Eternal Moonshine of the Simpson Mind,8.2,5.6,8.5,8.0,7.8,6.5,6.8,6.8,4.0,991.0,13.0,352.0,521.0,85.0,110.0,1.0,35.0,57.0,13.0,19
410,E Pluribus Wiggum,6.9,6.0,7.1,6.6,7.1,5.5,6.0,5.3,4.9,653.0,2.0,192.0,380.0,65.0,65.0,0.0,14.0,37.0,10.0,19
411,That '90s Show,6.2,6.2,6.6,6.0,6.1,5.6,6.9,5.3,2.9,1016.0,4.0,296.0,601.0,95.0,126.0,0.0,39.0,67.0,14.0,19
412,"Love, Springfieldian Style",6.6,6.0,7.2,6.1,6.8,5.5,6.8,5.1,4.2,654.0,3.0,194.0,370.0,72.0,73.0,0.0,20.0,37.0,11.0,19
413,The DeBarted,7.7,4.5,8.0,7.5,7.3,6.4,6.6,6.6,4.3,834.0,13.0,295.0,428.0,81.0,104.0,1.0,24.0,64.0,11.0,19
414,Dial 'N' for Nerder,7.3,4.2,7.6,7.1,7.4,6.0,6.4,5.7,4.0,672.0,4.0,220.0,363.0,71.0,75.0,0.0,20.0,37.0,12.0,19
415,Smoke on the Daughter,6.7,5.7,7.2,6.3,6.6,5.5,6.9,5.1,2.6,616.0,3.0,187.0,340.0,71.0,61.0,0.0,22.0,29.0,8.0,19
416,Papa Don't Leech,6.0,3.7,6.4,5.7,6.3,4.9,5.7,4.9,3.7,616.0,3.0,178.0,348.0,73.0,61.0,0.0,15.0,35.0,9.0,19
417,Apocalypse Cow,6.8,6.1,7.2,6.5,6.8,5.7,6.6,5.6,4.0,630.0,5.0,195.0,344.0,74.0,66.0,0.0,23.0,32.0,9.0,19
418,Any Given Sundance,7.0,6.5,7.4,6.7,7.0,5.5,6.1,5.6,1.0,618.0,4.0,179.0,343.0,74.0,63.0,0.0,16.0,35.0,8.0,19
419,Mona Leaves-a,7.0,6.3,7.3,6.8,7.0,5.7,6.3,5.9,2.6,646.0,3.0,200.0,358.0,68.0,70.0,0.0,25.0,33.0,9.0,19
420,All About Lisa,6.4,3.7,6.8,6.1,6.6,4.9,5.7,5.0,2.2,576.0,3.0,176.0,318.0,66.0,56.0,0.0,15.0,32.0,7.0,19
421,"Sex, Pies and Idiot Scrapes",7.2,6.2,7.7,6.8,7.1,5.6,6.4,5.4,3.5,792.0,4.0,235.0,446.0,86.0,76.0,0.0,24.0,37.0,11.0,20
422,Lost Verizon,6.9,5.7,7.4,6.5,6.9,5.8,6.9,5.2,4.7,707.0,3.0,205.0,404.0,75.0,67.0,0.0,18.0,32.0,13.0,20
423,"Double, Double, Boy in Trouble",6.9,5.3,7.3,6.6,7.0,5.6,6.6,5.3,3.6,677.0,3.0,196.0,382.0,78.0,66.0,0.0,19.0,33.0,10.0,20
424,Treehouse of Horror XIX,7.1,6.7,7.5,6.8,7.1,6.2,6.8,6.0,4.2,793.0,3.0,238.0,440.0,89.0,96.0,0.0,32.0,46.0,11.0,20
425,Dangerous Curves,6.6,6.7,7.1,6.3,6.5,5.5,6.1,5.4,4.1,656.0,3.0,190.0,372.0,78.0,70.0,0.0,20.0,35.0,11.0,20
426,Homer and Lisa Exchange Cross Words,7.0,5.3,7.4,6.7,7.1,5.9,6.3,6.0,3.9,646.0,3.0,193.0,366.0,71.0,69.0,0.0,21.0,33.0,11.0,20
427,MyPods and Boomsticks,7.1,5.7,7.5,6.8,7.0,6.3,6.9,6.0,5.7,754.0,3.0,219.0,423.0,89.0,75.0,0.0,26.0,35.0,11.0,20
428,The Burns and the Bees,6.6,5.8,7.0,6.3,6.5,5.1,5.9,4.9,3.7,653.0,4.0,196.0,366.0,73.0,63.0,0.0,21.0,28.0,10.0,20
429,Lisa the Drama Queen,5.9,3.5,6.2,5.8,5.8,5.3,5.7,5.2,3.4,717.0,4.0,217.0,399.0,78.0,89.0,0.0,26.0,46.0,11.0,20
430,"Take My Life, Please",7.0,6.0,7.5,6.7,6.8,5.3,6.0,5.2,3.6,643.0,3.0,199.0,354.0,74.0,60.0,0.0,19.0,30.0,9.0,20
431,How the Test Was Won,7.0,4.5,7.5,6.6,7.2,5.4,6.3,5.3,2.2,651.0,4.0,193.0,364.0,74.0,58.0,0.0,17.0,31.0,7.0,20
432,"No Loan Again, Naturally",6.8,5.5,7.4,6.5,6.6,5.6,6.4,5.4,3.9,628.0,4.0,179.0,363.0,69.0,65.0,0.0,20.0,30.0,11.0,20
433,Gone Maggie Gone,7.2,5.8,7.7,6.8,6.8,6.1,7.0,6.0,3.7,698.0,4.0,221.0,381.0,74.0,74.0,0.0,23.0,38.0,9.0,20
434,In the Name of the Grandfather,6.3,5.5,6.8,6.0,6.4,5.4,5.8,5.5,2.4,660.0,5.0,203.0,367.0,69.0,77.0,0.0,22.0,43.0,9.0,20
435,Wedding for Disaster,6.6,6.7,7.1,6.3,6.8,5.7,6.5,5.7,2.2,612.0,3.0,194.0,335.0,67.0,65.0,0.0,21.0,35.0,7.0,20
436,Eeny Teeny Maya Moe,7.2,5.7,7.6,6.9,7.1,6.0,6.7,5.8,4.5,655.0,3.0,205.0,365.0,69.0,74.0,0.0,21.0,38.0,11.0,20
437,"The Good, the Sad and the Drugly",7.2,6.2,7.5,6.9,7.3,5.7,6.6,5.6,3.1,660.0,4.0,191.0,378.0,74.0,68.0,0.0,21.0,36.0,8.0,20
438,Father Knows Worst,6.9,7.0,7.4,6.6,6.7,5.8,6.7,5.6,3.2,607.0,3.0,186.0,336.0,70.0,63.0,0.0,21.0,30.0,8.0,20
439,"Waverly Hills, 9021-D'Oh",7.1,6.7,7.6,6.7,7.2,5.9,6.7,5.7,3.4,667.0,3.0,202.0,369.0,77.0,76.0,0.0,27.0,38.0,8.0,20
440,Four Great Women and a Manicure,6.4,5.2,6.8,6.1,6.7,5.2,6.0,5.0,3.7,645.0,4.0,191.0,356.0,77.0,67.0,0.0,20.0,35.0,9.0,20
441,Coming to Homerica,7.2,6.4,7.7,7.0,7.0,5.9,6.8,5.5,4.7,712.0,6.0,222.0,383.0,82.0,66.0,0.0,19.0,33.0,11.0,20
442,Homer the Whopper,7.0,4.8,7.4,6.7,7.2,6.1,6.8,6.0,4.3,731.0,4.0,237.0,395.0,82.0,86.0,0.0,30.0,42.0,10.0,21
443,Bart Gets a 'Z',6.6,5.5,6.9,6.3,6.6,5.6,6.4,5.5,3.2,639.0,4.0,201.0,348.0,76.0,72.0,0.0,25.0,35.0,9.0,21
444,The Great Wife Hope,6.2,4.0,6.6,5.9,6.1,5.3,6.0,5.3,2.2,604.0,4.0,182.0,338.0,67.0,62.0,0.0,19.0,35.0,6.0,21
445,Treehouse of Horror XX,7.3,6.9,7.7,7.0,6.9,6.1,6.8,5.9,4.0,736.0,5.0,237.0,401.0,77.0,86.0,0.0,29.0,42.0,10.0,21
446,The Devil Wears Nada,6.6,4.7,7.1,6.4,6.8,5.8,6.8,5.6,3.0,606.0,3.0,182.0,339.0,68.0,69.0,0.0,25.0,36.0,7.0,21
447,Pranks and Greens,6.6,4.5,7.1,6.4,6.6,5.3,6.2,5.3,2.2,584.0,5.0,176.0,324.0,67.0,69.0,0.0,25.0,36.0,6.0,21
448,Rednecks and Broomsticks,6.7,4.2,7.3,6.5,6.4,5.7,6.2,5.9,3.5,570.0,4.0,163.0,322.0,67.0,65.0,0.0,19.0,36.0,7.0,21
449,"Oh Brother, Where Bart Thou?",7.0,5.2,7.5,6.8,6.8,6.3,6.8,6.3,4.7,589.0,4.0,183.0,335.0,56.0,77.0,0.0,21.0,42.0,11.0,21
450,Thursdays with Abie,6.7,5.2,7.1,6.5,6.4,5.4,6.4,5.3,2.2,545.0,4.0,165.0,313.0,53.0,59.0,0.0,20.0,30.0,6.0,21
451,Once Upon a Time in Springfield,6.6,4.2,6.9,6.3,6.8,5.7,6.8,5.3,3.8,590.0,4.0,175.0,332.0,69.0,76.0,0.0,23.0,43.0,8.0,21
452,Million Dollar Maybe,7.0,7.0,7.5,6.7,6.6,5.8,6.8,5.7,2.2,584.0,3.0,176.0,329.0,64.0,66.0,0.0,23.0,34.0,6.0,21
453,Boy Meets Curl,6.7,3.7,7.2,6.6,5.9,5.8,6.8,5.7,4.0,584.0,3.0,176.0,329.0,62.0,69.0,0.0,20.0,36.0,9.0,21
454,The Color Yellow,6.5,4.8,7.0,6.2,6.4,5.8,6.8,5.6,2.2,561.0,4.0,169.0,319.0,58.0,67.0,0.0,22.0,35.0,7.0,21
455,Postcards from the Wedge,7.0,6.3,7.4,6.7,6.5,5.9,6.6,6.0,2.2,543.0,3.0,157.0,315.0,56.0,61.0,0.0,20.0,33.0,6.0,21
456,Stealing First Base,7.1,6.0,7.5,6.8,7.2,5.9,6.7,5.6,4.3,612.0,3.0,178.0,350.0,66.0,70.0,0.0,22.0,38.0,8.0,21
457,The Greatest Story Ever D'ohed,5.7,3.3,6.1,5.5,5.4,5.2,5.8,4.8,3.9,722.0,5.0,220.0,408.0,68.0,93.0,0.0,30.0,50.0,9.0,21
458,American History X-cellent,6.6,4.8,7.1,6.4,6.6,5.5,6.3,5.4,2.2,525.0,4.0,149.0,305.0,55.0,63.0,0.0,20.0,33.0,6.0,21
459,Chief of Hearts,6.9,4.0,7.3,6.6,6.8,5.4,6.4,5.2,2.3,529.0,3.0,160.0,300.0,55.0,59.0,0.0,19.0,31.0,7.0,21
460,The Squirt and the Whale,6.9,4.3,7.4,6.6,6.5,5.8,6.5,5.7,3.8,560.0,3.0,170.0,316.0,60.0,68.0,0.0,23.0,35.0,8.0,21
461,"To Surveil, with Love",7.1,6.0,7.6,6.8,7.1,6.0,6.6,5.8,3.7,578.0,3.0,170.0,330.0,64.0,67.0,0.0,21.0,35.0,7.0,21
462,Moe Letter Blues,6.9,6.3,7.3,6.6,6.7,5.7,6.5,5.5,3.4,559.0,3.0,169.0,315.0,59.0,63.0,0.0,20.0,31.0,8.0,21
463,The Bob Next Door,7.2,6.0,7.7,6.8,7.5,5.9,6.4,5.7,3.6,614.0,3.0,194.0,340.0,65.0,70.0,0.0,22.0,33.0,9.0,21
464,Judge Me Tender,6.5,4.0,6.9,6.3,6.5,5.6,6.6,5.5,2.3,566.0,3.0,171.0,315.0,63.0,69.0,0.0,19.0,39.0,8.0,21
465,Elementary School Musical,6.1,3.7,6.4,6.0,6.1,5.8,6.1,5.7,4.9,718.0,3.0,223.0,402.0,75.0,109.0,0.0,39.0,51.0,12.0,22
466,Loan-a Lisa,6.7,3.7,7.2,6.5,6.2,5.9,6.8,5.5,3.2,560.0,3.0,176.0,312.0,56.0,69.0,0.0,25.0,32.0,9.0,22
467,MoneyBart,6.7,4.8,7.1,6.4,6.7,5.5,6.1,5.3,4.6,571.0,4.0,179.0,315.0,61.0,71.0,0.0,22.0,36.0,10.0,22
468,Treehouse of Horror XXI,7.0,6.2,7.5,6.7,6.6,7.0,8.0,6.4,5.4,700.0,4.0,234.0,374.0,69.0,125.0,0.0,52.0,47.0,18.0,22
469,"Lisa Simpson, This Isn't Your Life",7.1,4.0,7.5,6.8,6.9,6.4,7.0,6.2,3.4,537.0,3.0,162.0,303.0,58.0,78.0,0.0,26.0,39.0,7.0,22
470,The Fool Monty,6.4,3.0,6.8,6.1,6.5,5.2,6.0,5.2,2.2,542.0,3.0,162.0,300.0,63.0,65.0,0.0,25.0,31.0,6.0,22
471,How Munched Is That Birdie in the Window?,6.3,3.0,6.8,6.1,6.3,5.1,5.7,5.0,2.1,551.0,3.0,161.0,318.0,58.0,65.0,0.0,19.0,35.0,8.0,22
472,The Fight Before Christmas,6.8,4.0,7.1,6.5,6.8,6.0,6.6,6.0,3.5,598.0,3.0,174.0,339.0,70.0,85.0,0.0,30.0,43.0,8.0,22
473,Donnie Fatso,7.0,5.0,7.5,6.6,6.9,6.0,7.0,5.4,3.4,576.0,3.0,191.0,316.0,57.0,67.0,0.0,26.0,31.0,7.0,22
474,Moms I'd Like to Forget,6.2,3.0,6.7,6.0,6.0,5.1,5.7,4.9,3.4,517.0,3.0,156.0,295.0,54.0,67.0,0.0,23.0,34.0,8.0,22
475,Flaming Moe,6.7,4.8,7.2,6.4,6.7,5.6,6.5,5.4,4.6,575.0,5.0,176.0,322.0,63.0,78.0,0.0,28.0,36.0,12.0,22
476,Homer the Father,6.9,3.3,7.3,6.7,6.7,6.0,7.0,5.5,4.2,542.0,3.0,171.0,304.0,54.0,66.0,0.0,22.0,31.0,10.0,22
477,The Blue and the Gray,6.7,4.5,7.0,6.5,7.0,6.2,6.8,6.0,5.1,518.0,4.0,162.0,291.0,51.0,71.0,0.0,22.0,35.0,11.0,22
478,Angry Dad: The Movie,7.2,4.3,7.8,6.9,7.3,6.2,6.8,5.8,4.6,608.0,3.0,195.0,337.0,60.0,90.0,0.0,33.0,41.0,13.0,22
479,The Scorpion's Tale,6.6,4.7,7.2,6.2,6.7,5.5,6.2,5.5,4.1,539.0,3.0,166.0,304.0,57.0,69.0,0.0,22.0,35.0,9.0,22
480,A Midsummer's Nice Dreams,6.0,2.8,6.3,5.8,6.5,5.0,5.6,4.8,3.6,540.0,4.0,174.0,297.0,57.0,66.0,0.0,22.0,34.0,8.0,22
481,Love Is a Many Strangled Thing,6.3,3.7,6.7,6.0,6.6,5.4,5.8,5.3,4.5,524.0,3.0,161.0,289.0,60.0,70.0,0.0,21.0,34.0,11.0,22
482,The Great Simpsina,6.9,4.5,7.3,6.5,6.8,5.9,6.6,5.9,4.7,562.0,4.0,180.0,303.0,61.0,67.0,0.0,20.0,35.0,9.0,22
483,The Real Housewives of Fat Tony,6.5,5.2,6.8,6.2,6.7,5.9,6.8,5.6,4.1,535.0,4.0,178.0,290.0,51.0,80.0,0.0,26.0,40.0,10.0,22
484,Homer Scissorhands,7.1,5.5,7.5,6.8,7.0,6.1,6.8,5.8,4.7,536.0,4.0,171.0,298.0,53.0,75.0,0.0,27.0,36.0,9.0,22
485,500 Keys,7.2,3.9,7.7,6.8,7.2,6.0,6.7,5.7,4.7,583.0,11.0,195.0,308.0,58.0,84.0,0.0,31.0,37.0,13.0,22
486,The Ned-Liest Catch,6.9,3.4,7.3,6.6,6.8,6.3,6.5,6.3,5.2,580.0,14.0,196.0,303.0,59.0,80.0,1.0,29.0,35.0,11.0,22
487,The Falcon and the D'Ohman,7.1,4.5,7.5,6.8,6.8,6.0,6.8,5.8,4.5,702.0,4.0,224.0,383.0,74.0,98.0,0.0,39.0,43.0,11.0,23
488,Bart Stops to Smell the Roosevelts,7.0,4.8,7.4,6.8,6.9,5.9,6.2,6.0,5.1,577.0,4.0,188.0,311.0,60.0,83.0,0.0,31.0,38.0,10.0,23
489,Treehouse of Horror XXII,6.5,3.2,6.7,6.3,6.2,6.1,6.4,6.1,4.6,685.0,4.0,222.0,360.0,77.0,103.0,0.0,36.0,47.0,12.0,23
490,Replaceable You,6.6,4.2,7.0,6.3,6.2,5.5,6.4,5.1,4.4,529.0,4.0,160.0,298.0,56.0,67.0,0.0,25.0,29.0,10.0,23
491,The Food Wife,7.0,5.5,7.5,6.8,6.6,6.2,7.2,5.8,5.0,589.0,4.0,190.0,318.0,66.0,94.0,0.0,38.0,37.0,14.0,23
492,The Book Job,7.9,5.2,8.3,7.7,7.5,7.1,7.7,6.8,5.7,763.0,15.0,259.0,388.0,83.0,114.0,1.0,42.0,52.0,14.0,23
493,The Man in the Blue Flannel Pants,6.7,4.7,7.1,6.5,6.4,5.8,6.4,5.3,5.6,528.0,5.0,163.0,291.0,58.0,79.0,0.0,27.0,35.0,13.0,23
494,The Ten-Per-Cent Solution,6.2,3.3,6.7,6.0,6.1,5.2,5.6,5.3,4.2,518.0,3.0,155.0,287.0,62.0,71.0,0.0,26.0,34.0,10.0,23
495,Holidays of Future Passed,8.3,3.9,8.6,8.1,8.0,7.4,8.1,7.3,6.2,983.0,14.0,377.0,463.0,99.0,147.0,1.0,60.0,61.0,19.0,23
496,"Politically Inept, with Homer Simpson",6.0,3.8,6.4,5.8,5.7,5.2,5.5,5.1,4.8,585.0,4.0,182.0,321.0,67.0,82.0,0.0,26.0,38.0,15.0,23
497,The D'oh-cial Network,7.0,4.0,7.5,6.7,6.5,6.2,6.6,6.3,4.0,591.0,3.0,187.0,325.0,63.0,82.0,0.0,30.0,37.0,12.0,23
498,Moe Goes from Rags to Riches,5.7,3.7,6.0,5.5,5.6,4.9,5.4,4.8,3.9,609.0,5.0,203.0,322.0,63.0,87.0,0.0,30.0,44.0,10.0,23
499,The Daughter Also Rises,6.3,3.0,6.7,6.1,6.2,5.5,6.0,5.3,4.6,516.0,3.0,161.0,280.0,59.0,76.0,0.0,31.0,30.0,12.0,23
500,At Long Last Leave,6.9,5.3,7.4,6.6,7.0,6.3,6.8,6.6,3.8,612.0,3.0,200.0,327.0,68.0,84.0,0.0,32.0,40.0,10.0,23
501,Exit Through the Kwik-E-Mart,6.8,4.3,7.3,6.6,6.8,5.9,6.6,5.6,4.6,477.0,3.0,146.0,268.0,51.0,66.0,0.0,26.0,28.0,9.0,23
502,How I Wet Your Mother,7.2,6.0,7.6,7.1,6.3,6.2,7.1,6.0,3.5,589.0,3.0,191.0,306.0,71.0,86.0,0.0,39.0,36.0,9.0,23
503,"Them, Robot",7.0,4.7,7.5,6.8,6.5,5.8,6.5,5.7,3.2,539.0,3.0,155.0,309.0,59.0,75.0,0.0,30.0,33.0,8.0,23
504,Beware My Cheating Bart,7.1,4.3,7.5,6.9,6.9,5.9,7.2,5.4,3.4,533.0,3.0,163.0,290.0,64.0,70.0,0.0,28.0,28.0,11.0,23
505,A Totally Fun Thing Bart Will Never Do Again,7.5,5.0,7.9,7.3,7.1,6.5,7.1,6.2,5.1,636.0,11.0,210.0,330.0,66.0,84.0,1.0,35.0,33.0,11.0,23
506,The Spy Who Learned Me,6.8,6.2,7.2,6.6,6.5,5.4,6.5,5.0,4.5,468.0,4.0,139.0,254.0,58.0,53.0,0.0,20.0,22.0,10.0,23
507,Ned 'N' Edna's Blend,6.6,2.8,7.1,6.4,6.7,5.3,6.3,4.5,4.5,507.0,13.0,161.0,259.0,62.0,64.0,1.0,28.0,24.0,9.0,23
508,Lisa Goes Gaga,4.0,1.6,4.1,4.0,4.7,4.6,5.3,4.0,4.2,1285.0,10.0,574.0,519.0,89.0,199.0,0.0,100.0,72.0,19.0,23
509,Moonshine River,6.4,2.8,6.8,6.2,6.2,5.5,6.1,5.2,3.4,639.0,4.0,213.0,330.0,73.0,87.0,0.0,36.0,36.0,9.0,24
510,Treehouse of Horror XXIII,7.3,6.0,7.6,7.1,6.8,6.4,7.3,5.7,4.4,652.0,3.0,219.0,335.0,75.0,97.0,0.0,42.0,36.0,11.0,24
511,Adventures in Baby-Getting,6.9,3.7,7.4,6.5,6.6,5.8,7.1,5.0,3.5,519.0,3.0,168.0,276.0,59.0,67.0,0.0,26.0,29.0,8.0,24
512,Gone Abie Gone,6.7,4.2,7.3,6.3,6.2,5.6,6.9,5.2,3.0,485.0,4.0,160.0,259.0,50.0,64.0,0.0,27.0,27.0,7.0,24
513,Penny-Wiseguys,6.2,3.3,6.8,5.9,6.1,5.0,5.8,4.5,4.6,495.0,3.0,160.0,266.0,55.0,62.0,0.0,23.0,25.0,10.0,24
514,A Tree Grows in Springfield,6.4,5.0,7.0,5.9,6.6,4.7,5.4,4.1,3.8,497.0,3.0,156.0,266.0,56.0,64.0,0.0,27.0,24.0,10.0,24
515,The Day the Earth Stood Cool,7.0,4.7,7.4,6.8,6.9,6.0,6.4,5.9,5.0,539.0,3.0,175.0,288.0,56.0,84.0,0.0,28.0,40.0,12.0,24
516,To Cur with Love,7.2,4.7,7.7,6.8,6.8,5.8,6.7,5.7,4.4,497.0,3.0,158.0,267.0,55.0,69.0,0.0,28.0,28.0,9.0,24
517,Homer Goes to Prep School,6.7,4.0,7.2,6.5,6.4,5.1,6.2,5.0,3.1,476.0,3.0,146.0,260.0,54.0,53.0,0.0,20.0,22.0,10.0,24
518,A Test Before Trying,7.0,4.0,7.5,6.7,6.6,5.5,6.5,5.1,3.2,484.0,3.0,143.0,274.0,51.0,55.0,0.0,22.0,23.0,7.0,24
519,Changing of the Guardian,6.5,5.3,6.9,6.2,6.8,5.2,6.5,4.6,3.9,486.0,3.0,139.0,271.0,61.0,52.0,0.0,21.0,23.0,8.0,24
520,Love Is a Many Splintered Thing,6.3,2.5,6.9,5.9,6.2,5.7,6.3,5.3,5.9,501.0,4.0,153.0,263.0,68.0,91.0,0.0,27.0,42.0,17.0,24
521,Hardly Kirk-ing,7.0,4.3,7.6,6.6,6.5,5.3,5.8,5.2,4.5,481.0,3.0,147.0,259.0,60.0,55.0,0.0,19.0,25.0,9.0,24
522,Gorgeous Grampa,6.2,3.3,6.7,5.9,6.1,4.8,5.8,4.6,3.5,502.0,3.0,152.0,272.0,61.0,53.0,0.0,19.0,25.0,8.0,24
523,"Black-Eyed, Please",6.9,4.7,7.2,6.7,6.9,5.8,6.3,5.6,4.5,493.0,3.0,154.0,266.0,59.0,66.0,0.0,24.0,31.0,9.0,24
524,Dark Knight Court,7.0,3.7,7.4,6.7,6.9,5.6,6.5,5.5,3.2,499.0,3.0,150.0,273.0,61.0,59.0,0.0,24.0,28.0,7.0,24
525,What Animated Women Want,6.4,3.8,6.9,6.1,6.8,5.3,6.5,4.7,3.3,494.0,4.0,150.0,266.0,62.0,60.0,0.0,26.0,24.0,9.0,24
526,Pulpit Friction,6.5,4.3,6.9,6.2,6.3,5.4,6.2,5.0,4.2,470.0,3.0,137.0,262.0,56.0,58.0,0.0,22.0,26.0,9.0,24
527,Whiskey Business,6.8,4.0,7.3,6.5,6.6,5.1,6.1,4.8,3.2,450.0,3.0,132.0,248.0,56.0,50.0,0.0,20.0,22.0,7.0,24
528,The Fabulous Faker Boy,6.3,3.7,6.7,6.0,6.4,5.2,5.9,5.0,3.7,477.0,5.0,142.0,261.0,58.0,66.0,0.0,27.0,26.0,11.0,24
529,Dangers on a Train,6.9,3.7,7.4,6.6,6.9,5.7,7.0,5.2,4.6,467.0,3.0,142.0,256.0,54.0,63.0,0.0,24.0,26.0,12.0,24
530,The Saga of Carl,7.0,3.7,7.5,6.7,7.0,5.6,6.6,5.3,4.1,528.0,3.0,168.0,282.0,62.0,65.0,0.0,25.0,29.0,9.0,24
531,Homerland,6.9,4.3,7.4,6.6,7.1,5.4,6.0,5.6,2.9,681.0,3.0,217.0,348.0,88.0,76.0,0.0,27.0,35.0,10.0,25
532,Treehouse of Horror XXIV,7.0,4.0,7.5,6.6,7.2,5.8,6.4,5.5,3.7,713.0,4.0,238.0,358.0,83.0,92.0,0.0,40.0,37.0,8.0,25
533,Four Regrettings and a Funeral,6.4,4.0,7.1,6.0,6.4,5.4,6.4,4.7,5.1,542.0,3.0,167.0,290.0,60.0,66.0,0.0,21.0,30.0,13.0,25
534,YOLO,6.6,3.0,7.1,6.1,7.2,5.1,6.3,4.4,3.3,541.0,4.0,166.0,287.0,63.0,66.0,0.0,25.0,31.0,8.0,25
535,Labor Pains,6.9,4.0,7.4,6.6,7.2,5.3,6.2,5.0,4.2,516.0,3.0,162.0,272.0,59.0,59.0,0.0,21.0,29.0,8.0,25
536,The Kid Is All Right,6.4,4.0,6.8,6.1,6.8,5.3,6.4,4.9,3.0,537.0,3.0,158.0,291.0,65.0,58.0,0.0,20.0,28.0,7.0,25
537,Yellow Subterfuge,6.9,3.7,7.4,6.6,7.0,5.2,6.6,4.8,3.6,539.0,6.0,174.0,277.0,63.0,62.0,0.0,22.0,30.0,7.0,25
538,White Christmas Blues,6.5,4.0,7.0,6.2,6.8,5.1,6.8,4.3,3.0,510.0,3.0,158.0,263.0,64.0,58.0,0.0,21.0,30.0,7.0,25
539,Steal This Episode,7.7,3.5,8.1,7.4,7.9,6.0,7.1,5.8,2.3,724.0,10.0,261.0,347.0,78.0,81.0,1.0,26.0,41.0,8.0,25
540,Married to the Blob,7.0,4.1,7.4,6.6,7.6,5.8,6.8,5.3,4.0,554.0,6.0,169.0,288.0,67.0,68.0,0.0,26.0,28.0,10.0,25
541,Specs and the City,7.1,4.7,7.5,6.8,7.7,5.7,6.7,5.4,2.5,508.0,3.0,153.0,272.0,61.0,55.0,0.0,19.0,27.0,5.0,25
542,Diggs,6.3,3.3,6.7,6.0,6.5,5.2,6.2,4.9,3.2,519.0,3.0,154.0,280.0,61.0,63.0,0.0,20.0,32.0,8.0,25
543,The Man Who Grew Too Much,6.6,4.7,7.1,6.2,7.2,5.4,6.7,4.9,3.2,531.0,3.0,160.0,282.0,65.0,61.0,0.0,23.0,27.0,7.0,25
544,The Winter of His Content,6.6,3.7,7.1,6.2,7.3,5.4,7.2,4.7,3.3,492.0,3.0,145.0,267.0,55.0,53.0,0.0,17.0,28.0,6.0,25
545,The War of Art,7.0,5.2,7.5,6.5,7.4,5.4,6.9,4.7,3.3,495.0,4.0,151.0,262.0,56.0,53.0,0.0,15.0,27.0,7.0,25
546,You Don't Have to Live Like a Referee,6.8,4.3,7.4,6.3,7.0,5.4,7.0,4.9,3.6,514.0,3.0,157.0,270.0,61.0,48.0,0.0,13.0,25.0,7.0,25
547,Luca$,6.4,3.7,7.0,6.1,6.9,5.2,6.5,5.0,2.9,487.0,3.0,147.0,267.0,53.0,53.0,0.0,16.0,28.0,6.0,25
548,Days of Future Future,7.0,5.5,7.4,6.7,7.2,5.9,7.2,5.4,3.4,569.0,4.0,178.0,299.0,65.0,63.0,0.0,22.0,29.0,7.0,25
549,What to Expect When Bart's Expecting,5.8,2.5,6.4,5.4,6.6,4.4,5.7,4.1,2.8,506.0,4.0,154.0,269.0,59.0,54.0,0.0,16.0,27.0,8.0,25
550,Brick Like Me,7.7,2.2,8.1,7.4,8.1,6.4,7.6,5.9,5.4,787.0,12.0,286.0,368.0,87.0,88.0,1.0,32.0,40.0,11.0,25
551,Pay Pal,6.6,4.7,7.2,6.2,7.1,5.3,6.8,4.7,4.0,472.0,3.0,144.0,251.0,53.0,54.0,0.0,17.0,26.0,8.0,25
552,The Yellow Badge of Cowardge,6.6,3.0,7.0,6.3,7.1,5.0,6.4,4.6,3.6,497.0,4.0,155.0,262.0,55.0,50.0,0.0,15.0,27.0,7.0,25
553,Clown in the Dumps,5.7,4.0,5.9,5.4,6.6,5.0,6.0,4.0,4.9,689.0,4.0,228.0,339.0,84.0,75.0,0.0,27.0,27.0,13.0,26
554,The Wreck of the Relationship,6.8,4.3,7.2,6.5,7.3,5.6,7.0,4.7,4.4,545.0,3.0,168.0,286.0,64.0,59.0,0.0,17.0,24.0,10.0,26
555,Super Franchise Me,6.5,4.0,6.8,6.2,6.8,5.2,6.4,4.2,4.4,524.0,4.0,162.0,271.0,67.0,56.0,0.0,16.0,23.0,10.0,26
556,Treehouse of Horror XXV,7.4,6.3,7.7,7.0,7.8,6.2,7.3,5.6,4.5,688.0,5.0,233.0,334.0,82.0,88.0,0.0,31.0,37.0,10.0,26
557,Opposites A-Frack,6.2,4.2,6.5,6.0,6.3,5.1,5.5,4.2,5.8,508.0,5.0,145.0,276.0,64.0,59.0,0.0,16.0,25.0,13.0,26
558,Simpsorama,7.9,4.5,8.2,7.7,7.6,6.9,7.7,6.3,5.6,999.0,16.0,373.0,455.0,97.0,119.0,1.0,51.0,46.0,12.0,26
559,Blazed and Confused,6.7,4.3,7.1,6.4,7.1,5.5,6.8,4.5,4.3,527.0,3.0,153.0,288.0,62.0,61.0,0.0,19.0,26.0,10.0,26
560,Covercraft,6.4,5.0,6.8,6.0,7.0,5.1,6.3,4.7,3.9,500.0,3.0,150.0,263.0,61.0,55.0,0.0,17.0,24.0,10.0,26
561,I Won't Be Home for Christmas,6.7,4.3,7.0,6.4,7.0,5.3,6.4,4.7,5.0,490.0,3.0,151.0,249.0,61.0,61.0,0.0,18.0,28.0,12.0,26
562,The Man Who Came to Be Dinner,6.7,3.8,6.9,6.4,7.1,5.6,5.9,5.2,5.0,619.0,4.0,187.0,311.0,83.0,77.0,0.0,22.0,33.0,14.0,26
563,Bart's New Friend,7.1,5.2,7.5,6.8,7.1,5.8,6.8,5.3,4.3,496.0,4.0,152.0,259.0,61.0,60.0,0.0,20.0,29.0,7.0,26
564,The Musk Who Fell to Earth,5.8,3.2,6.1,5.5,6.4,4.5,5.2,3.9,4.3,517.0,4.0,168.0,258.0,67.0,54.0,0.0,19.0,25.0,7.0,26
565,Walking Big & Tall,6.3,4.6,6.6,6.0,6.7,4.6,6.0,3.5,3.8,444.0,5.0,130.0,236.0,57.0,48.0,0.0,15.0,22.0,6.0,26
566,My Fare Lady,6.6,5.0,7.0,6.2,7.0,5.6,6.8,4.9,3.6,449.0,4.0,135.0,236.0,56.0,52.0,0.0,20.0,24.0,5.0,26
567,The Princess Guide,6.5,4.8,6.9,6.2,6.9,5.2,6.8,4.0,5.0,441.0,4.0,127.0,232.0,59.0,49.0,0.0,16.0,21.0,9.0,26
568,Sky Police,6.7,5.0,7.1,6.4,7.1,5.2,6.6,4.5,3.6,461.0,4.0,134.0,244.0,61.0,51.0,0.0,18.0,25.0,5.0,26
569,Waiting for Duffman,6.7,3.8,7.1,6.4,7.1,5.2,6.9,4.1,5.1,441.0,4.0,130.0,236.0,55.0,51.0,0.0,17.0,23.0,9.0,26
570,Peeping Mom,6.7,3.0,7.0,6.4,7.2,5.3,6.4,4.2,5.0,406.0,3.0,122.0,215.0,51.0,48.0,0.0,16.0,21.0,8.0,26
571,The Kids Are All Fight,6.7,4.5,7.2,6.4,6.9,5.5,6.9,4.4,4.4,417.0,4.0,128.0,220.0,49.0,46.0,0.0,17.0,20.0,7.0,26
572,Let's Go Fly a Coot,6.0,3.5,6.1,5.9,6.8,5.0,5.8,4.7,4.2,414.0,4.0,122.0,220.0,54.0,49.0,0.0,18.0,20.0,8.0,26
573,Bull-E,6.6,3.7,7.0,6.3,6.9,5.1,6.3,4.3,4.5,413.0,3.0,121.0,227.0,48.0,41.0,0.0,17.0,16.0,7.0,26
574,Mathlete's Feat,6.7,4.0,7.2,6.4,6.9,5.6,6.4,4.8,5.3,416.0,4.0,120.0,230.0,46.0,44.0,0.0,16.0,16.0,9.0,26
575,Every Man's Dream,5.7,3.6,5.8,5.5,6.2,4.5,5.6,3.3,4.8,614.0,6.0,206.0,296.0,78.0,65.0,0.0,25.0,24.0,10.0,27
576,'Cue Detective,6.5,5.2,6.8,6.2,6.8,5.9,6.2,5.6,5.2,499.0,5.0,160.0,243.0,64.0,45.0,0.0,19.0,16.0,6.0,27
577,Puffless,6.9,5.0,7.3,6.6,6.9,7.0,6.8,6.9,7.4,508.0,4.0,166.0,246.0,63.0,57.0,0.0,22.0,23.0,6.0,27
578,Halloween of Horror,7.4,3.4,7.8,7.1,7.5,7.3,7.7,6.9,7.1,629.0,15.0,213.0,293.0,73.0,79.0,1.0,37.0,24.0,11.0,27
579,Treehouse of Horror XXVI,6.6,4.4,6.9,6.4,7.1,6.2,6.1,5.8,6.8,511.0,5.0,153.0,264.0,61.0,55.0,0.0,24.0,18.0,7.0,27
580,Friend with Benefit,6.7,5.8,6.9,6.5,7.3,5.7,6.0,5.0,4.5,438.0,4.0,141.0,218.0,55.0,42.0,0.0,20.0,16.0,4.0,27
581,"Lisa with an ""S""",5.9,4.2,6.2,5.6,6.6,5.7,5.8,4.8,6.5,451.0,5.0,142.0,226.0,58.0,40.0,0.0,17.0,15.0,6.0,27
582,Paths of Glory,6.8,6.1,7.1,6.5,7.2,6.5,6.8,6.0,6.0,431.0,5.0,137.0,217.0,53.0,41.0,0.0,21.0,13.0,4.0,27
583,Barthood,8.3,7.9,8.7,7.9,8.3,8.3,8.5,7.6,8.7,913.0,18.0,370.0,373.0,88.0,108.0,1.0,56.0,26.0,16.0,27
584,The Girl Code,6.5,4.5,6.9,6.2,7.2,6.3,7.2,5.2,6.7,484.0,7.0,142.0,248.0,65.0,44.0,0.0,18.0,17.0,5.0,27
585,Teenage Mutant Milk-Caused Hurdles,6.5,4.6,6.6,6.4,7.1,6.2,6.4,5.6,5.3,442.0,9.0,134.0,221.0,56.0,40.0,0.0,22.0,13.0,3.0,27
586,Much Apu About Something,6.6,6.5,6.7,6.3,7.2,6.2,6.1,5.9,4.7,411.0,7.0,128.0,207.0,51.0,39.0,0.0,15.0,16.0,3.0,27
587,Love Is in the N2-O2-Ar-CO2-Ne-He-CH4,6.3,5.1,6.6,6.0,7.1,5.9,6.0,5.1,6.5,393.0,5.0,121.0,197.0,52.0,35.0,0.0,15.0,12.0,5.0,27
588,Gal of Constant Sorrow,6.5,4.9,6.5,6.2,7.4,6.0,6.0,5.8,6.6,432.0,5.0,122.0,221.0,64.0,44.0,0.0,19.0,17.0,5.0,27
589,Lisa the Veterinarian,6.3,4.6,6.6,6.0,7.1,5.9,6.6,5.1,5.0,383.0,5.0,117.0,195.0,46.0,37.0,0.0,16.0,15.0,3.0,27
590,The Marge-ian Chronicles,7.0,6.5,7.3,6.8,7.4,6.8,6.5,6.6,7.6,411.0,4.0,129.0,211.0,46.0,41.0,0.0,18.0,16.0,5.0,27
591,The Burns Cage,6.2,5.1,6.4,6.0,7.1,6.5,6.5,6.4,6.8,390.0,5.0,121.0,195.0,50.0,42.0,0.0,20.0,15.0,5.0,27
592,How Lisa Got Her Marge Back,6.1,4.4,6.5,5.8,6.9,6.4,6.1,5.9,5.8,374.0,5.0,118.0,187.0,45.0,36.0,0.0,15.0,13.0,4.0,27
593,Fland Canyon,7.0,5.5,7.4,6.6,7.3,6.6,6.6,6.0,5.5,403.0,6.0,128.0,201.0,47.0,41.0,0.0,21.0,12.0,4.0,27
594,To Courier with Love,6.7,5.2,7.2,6.3,7.1,6.5,6.2,5.7,6.5,364.0,5.0,113.0,185.0,42.0,38.0,0.0,18.0,12.0,4.0,27
595,Simprovised,6.2,4.9,6.5,5.9,6.8,6.5,6.4,6.4,5.2,380.0,5.0,124.0,190.0,41.0,38.0,0.0,16.0,14.0,4.0,27
596,Orange Is the New Yellow,6.7,5.0,7.0,6.4,7.3,6.7,7.1,6.2,5.8,377.0,6.0,115.0,193.0,42.0,41.0,0.0,15.0,15.0,6.0,27
597,Monty Burns' Fleeing Circus,6.0,4.0,6.4,5.9,6.4,5.3,5.0,5.0,5.3,467.0,6.0,135.0,240.0,52.0,38.0,0.0,13.0,13.0,6.0,28
598,Friends and Family,6.5,5.1,6.9,6.2,7.0,6.2,6.4,5.6,6.5,427.0,5.0,129.0,216.0,47.0,39.0,0.0,16.0,13.0,7.0,28
599,The Town,6.9,7.0,7.2,6.6,7.2,6.8,6.0,7.1,6.5,437.0,4.0,128.0,228.0,47.0,45.0,0.0,17.0,14.0,9.0,28
600,Treehouse of Horror XXVII,6.9,5.5,6.9,6.6,7.7,6.6,6.4,6.0,6.5,495.0,4.0,146.0,245.0,64.0,48.0,0.0,23.0,13.0,4.0,28
601,Trust But Clarify,6.2,5.8,6.3,6.0,7.2,5.9,6.1,5.4,3.3,377.0,4.0,108.0,198.0,40.0,34.0,0.0,14.0,12.0,3.0,28
602,There Will Be Buds,6.7,6.8,7.1,6.3,7.4,6.0,6.3,5.6,4.5,382.0,4.0,104.0,208.0,43.0,29.0,0.0,12.0,9.0,4.0,28
603,Havana Wild Weekend,6.2,5.2,6.2,6.0,6.9,6.1,5.8,5.7,6.6,383.0,4.0,107.0,204.0,43.0,35.0,0.0,13.0,10.0,6.0,28
604,Dad Behavior,6.5,5.0,6.8,6.2,7.3,6.6,6.4,6.2,6.9,361.0,4.0,99.0,197.0,40.0,34.0,0.0,13.0,11.0,5.0,28
605,The Last Traction Hero,6.3,6.2,6.6,6.1,6.9,6.3,6.2,5.8,5.0,342.0,4.0,90.0,185.0,41.0,31.0,1.0,11.0,11.0,4.0,28
606,The Nightmare After Krustmas,5.9,4.5,6.0,5.7,6.6,5.7,5.9,4.7,5.7,361.0,6.0,95.0,183.0,51.0,32.0,1.0,11.0,14.0,3.0,28
607,Pork and Burns,6.8,5.4,7.1,6.6,7.3,6.7,6.6,6.3,6.0,368.0,5.0,109.0,186.0,44.0,28.0,1.0,13.0,7.0,3.0,28
608,The Great Phatsby,6.2,5.2,6.6,6.0,6.5,5.9,5.9,5.1,7.2,459.0,5.0,126.0,235.0,66.0,38.0,0.0,11.0,15.0,6.0,28
609,The Great Phatsby,6.2,5.2,6.6,6.0,6.5,5.9,5.9,5.1,7.2,459.0,5.0,126.0,235.0,66.0,38.0,0.0,11.0,15.0,6.0,28
610,Fatzcarraldo,6.3,4.3,6.6,6.0,6.8,5.8,5.7,4.3,6.7,357.0,3.0,95.0,188.0,43.0,24.0,0.0,7.0,6.0,6.0,28
611,The Cad and the Hat,6.4,3.3,6.8,6.1,7.2,6.2,5.9,4.9,7.2,345.0,3.0,94.0,188.0,36.0,27.0,1.0,9.0,8.0,5.0,28
612,Kamp Krustier,6.6,4.3,6.8,6.3,7.4,5.7,6.0,4.7,4.7,346.0,3.0,98.0,182.0,40.0,26.0,1.0,11.0,9.0,3.0,28
613,22 for 30,6.5,5.3,7.0,6.2,7.3,6.0,6.0,5.0,6.0,364.0,3.0,101.0,197.0,42.0,26.0,1.0,10.0,6.0,5.0,28
614,A Father's Watch,6.9,6.5,7.3,6.6,7.2,7.1,6.3,6.6,5.8,357.0,4.0,102.0,191.0,38.0,28.0,1.0,11.0,8.0,4.0,28
615,The Caper Chase,6.2,4.5,6.5,5.9,6.8,5.3,4.8,5.0,6.1,363.0,4.0,110.0,185.0,41.0,30.0,1.0,11.0,9.0,5.0,28
616,Looking for Mr. Goodbart,6.9,5.0,7.4,6.5,7.3,6.6,5.9,6.2,6.5,362.0,5.0,111.0,182.0,41.0,37.0,2.0,16.0,10.0,4.0,28
617,Moho House,6.2,5.5,6.5,5.8,7.1,6.1,5.9,4.7,6.6,323.0,4.0,90.0,171.0,37.0,24.0,1.0,8.0,5.0,5.0,28
618,Dogtown,6.4,4.8,6.9,6.0,7.0,7.2,7.1,6.3,6.2,323.0,4.0,100.0,168.0,32.0,28.0,1.0,10.0,7.0,4.0,28
619,The Serfsons,6.7,5.9,7.1,6.4,7.2,6.2,6.3,6.3,6.0,523.0,7.0,153.0,252.0,60.0,62.0,1.0,22.0,23.0,9.0,29
620,Springfield Splendor,6.5,6.1,7.0,6.1,6.8,6.7,6.3,6.9,5.8,430.0,9.0,118.0,211.0,49.0,43.0,0.0,17.0,14.0,5.0,29
621,Whistler's Father,6.1,4.9,6.6,5.7,6.7,5.7,5.1,5.9,4.7,371.0,7.0,105.0,186.0,41.0,31.0,0.0,12.0,10.0,3.0,29
622,Treehouse of Horror XXVIII,7.0,6.5,7.2,6.8,7.1,6.8,6.4,6.9,6.3,467.0,9.0,135.0,223.0,59.0,59.0,2.0,19.0,22.0,8.0,29
623,Grampy Can Ya Hear Me,6.3,5.6,6.5,6.1,6.7,5.8,5.4,5.4,4.8,340.0,6.0,93.0,172.0,43.0,39.0,1.0,15.0,13.0,4.0,29
624,The Old Blue Mayor She Ain't What She Used To Be,6.3,5.7,6.5,6.1,6.7,5.4,5.4,5.3,2.7,350.0,6.0,103.0,177.0,38.0,35.0,1.0,14.0,11.0,3.0,29
625,Singin' in the Lane,6.4,5.0,6.7,6.1,6.7,5.5,4.5,5.9,3.8,343.0,6.0,94.0,177.0,41.0,33.0,1.0,11.0,12.0,4.0,29
626,Mr. Lisa's Opus,6.6,4.4,7.0,6.3,6.8,6.6,6.0,6.9,2.7,354.0,6.0,101.0,174.0,44.0,43.0,2.0,18.0,15.0,3.0,29
627,Gone Boy,7.1,4.0,7.5,6.9,7.3,6.6,6.0,7.0,4.8,380.0,15.0,122.0,172.0,44.0,41.0,0.0,18.0,13.0,4.0,29
628,Haw-Haw Land,6.4,3.8,6.7,6.2,6.6,6.5,6.1,6.2,8.3,345.0,6.0,98.0,169.0,45.0,34.0,1.0,13.0,11.0,5.0,29
629,Frink Gets Testy,6.2,7.0,6.3,5.9,6.7,5.8,5.7,5.5,1.0,323.0,4.0,88.0,163.0,45.0,28.0,0.0,10.0,11.0,2.0,29
630,Homer is Where the Art Isn't,6.6,6.3,6.7,6.4,7.0,5.1,4.9,4.9,7.3,341.0,3.0,93.0,168.0,55.0,29.0,0.0,12.0,10.0,5.0,29
631,3 Scenes Plus a Tag from a Marriage,6.4,6.0,6.7,6.2,6.7,6.1,6.5,5.6,5.8,306.0,3.0,89.0,150.0,44.0,31.0,0.0,13.0,12.0,4.0,29
632,Fears of a Clown,6.0,5.3,6.1,5.9,6.1,5.7,5.3,5.6,5.5,288.0,3.0,75.0,148.0,42.0,27.0,0.0,10.0,7.0,4.0,29
633,No Good Read Goes Unpunished,6.3,4.7,6.4,6.3,6.6,6.4,6.0,6.1,7.1,298.0,3.0,85.0,153.0,39.0,30.0,0.0,10.0,11.0,5.0,29
634,King Leer,6.3,7.0,6.5,6.0,6.5,6.1,5.9,5.8,1.0,273.0,3.0,75.0,143.0,34.0,23.0,0.0,8.0,10.0,1.0,29
635,Lisa Gets the Blues,6.6,5.5,6.8,6.4,7.0,6.7,6.5,6.3,5.5,299.0,2.0,84.0,153.0,37.0,29.0,0.0,12.0,10.0,2.0,29
636,Forgive and Regret,7.0,7.2,7.2,6.7,7.3,6.2,6.7,5.4,6.0,290.0,4.0,87.0,148.0,33.0,30.0,0.0,13.0,9.0,3.0,29
637,Left Behind,6.5,4.9,6.9,6.3,6.7,6.3,5.1,6.3,4.5,298.0,11.0,88.0,145.0,33.0,27.0,0.0,11.0,10.0,2.0,29
638,Throw Grampa from the Dane,6.7,6.7,6.8,6.6,6.8,6.0,5.6,6.2,5.9,306.0,3.0,86.0,156.0,41.0,27.0,0.0,8.0,9.0,5.0,29
639,Flanders' Ladder,7.5,4.1,8.0,7.1,7.5,7.4,6.9,7.4,7.7,410.0,14.0,147.0,174.0,42.0,48.0,1.0,22.0,16.0,5.0,29
640,Bart's Not Dead,6.2,6.0,6.5,5.9,6.3,6.1,6.0,5.9,8.0,405.0,8.0,116.0,180.0,63.0,43.0,0.0,15.0,17.0,2.0,30
641,Heartbreak Hotel,5.9,5.1,6.2,5.7,6.2,5.5,5.2,4.7,7.0,343.0,6.0,94.0,158.0,54.0,32.0,0.0,14.0,8.0,2.0,30
642,My Way or the Highway to Heaven,6.1,4.9,6.0,6.1,6.3,6.0,5.4,5.5,8.3,339.0,5.0,86.0,160.0,56.0,30.0,0.0,14.0,9.0,3.0,30
643,Treehouse of Horror XXIX,5.9,4.7,6.2,5.6,5.9,5.8,4.8,5.7,7.3,360.0,6.0,102.0,166.0,58.0,33.0,0.0,13.0,11.0,3.0,30
644,Baby You Can't Drive My Car,6.9,5.7,7.1,6.8,6.8,6.3,5.7,6.2,7.3,301.0,5.0,85.0,136.0,53.0,30.0,0.0,15.0,9.0,3.0,30
645,From Russia Without Love,6.5,5.2,6.7,6.4,6.5,6.2,5.2,6.3,8.5,283.0,6.0,78.0,129.0,49.0,22.0,0.0,8.0,9.0,2.0,30
646,Werking Mom,5.7,5.4,5.7,5.6,6.1,7.0,6.4,7.0,9.0,314.0,5.0,81.0,151.0,55.0,34.0,0.0,14.0,13.0,2.0,30
647,Krusty the Clown,6.4,5.8,6.7,6.5,5.9,6.4,6.3,5.8,10.0,259.0,6.0,74.0,117.0,42.0,22.0,0.0,11.0,7.0,2.0,30
648,Daddicus Finch,6.6,6.2,6.6,6.7,6.6,7.1,7.2,6.3,10.0,266.0,5.0,73.0,119.0,50.0,29.0,0.0,14.0,12.0,1.0,30
649,'Tis the 30th Season,6.5,6.2,6.8,6.4,6.3,6.6,6.5,6.2,6.0,259.0,4.0,75.0,123.0,41.0,24.0,0.0,10.0,10.0,2.0,30
650,Mad About the Toy,5.7,5.5,6.0,5.5,6.0,5.2,4.4,5.0,7.0,294.0,5.0,74.0,140.0,53.0,25.0,0.0,10.0,10.0,3.0,30
651,The Girl on the Bus,6.1,4.3,6.3,6.1,6.4,6.8,6.1,6.5,7.0,275.0,3.0,74.0,132.0,45.0,27.0,0.0,11.0,11.0,3.0,30
652,I'm Dancing as Fat as I Can,6.7,4.7,7.1,6.7,6.6,7.2,6.6,6.8,7.3,252.0,3.0,70.0,118.0,43.0,24.0,0.0,9.0,9.0,3.0,30
653,The Clown Stays in the Picture,6.2,4.7,6.3,6.2,6.0,5.4,5.8,4.7,6.7,234.0,3.0,59.0,117.0,40.0,20.0,0.0,7.0,8.0,3.0,30
654,101 Mitigations,6.3,4.3,6.6,6.1,6.2,6.1,5.7,5.9,7.5,214.0,3.0,54.0,106.0,36.0,19.0,0.0,6.0,9.0,2.0,30
655,I Want You (She's So Heavy),5.7,3.5,5.9,5.5,5.9,5.8,6.2,4.9,7.5,225.0,2.0,57.0,103.0,45.0,22.0,0.0,6.0,11.0,2.0,30
656,E My Sports,6.2,4.0,6.8,5.9,6.1,6.1,6.3,5.5,6.1,244.0,2.0,64.0,113.0,42.0,22.0,0.0,8.0,11.0,0.0,30
657,Bart vs. Itchy & Scratchy,4.8,4.0,4.9,4.9,4.5,6.4,5.9,6.4,5.5,422.0,2.0,104.0,202.0,67.0,43.0,0.0,14.0,22.0,2.0,30
658,Girl's in the Band,6.0,4.3,6.4,5.9,5.9,5.7,5.7,5.4,10.0,237.0,3.0,63.0,113.0,42.0,20.0,0.0,8.0,9.0,1.0,30
659,I'm Just a Girl Who Can't Say D'oh,5.1,1.0,5.2,5.0,5.7,4.6,5.3,4.4,2.0,228.0,1.0,56.0,110.0,41.0,20.0,0.0,8.0,9.0,1.0,30
660,D'oh Canada,5.2,1.0,5.1,5.0,5.9,5.4,3.8,5.0,8.2,280.0,1.0,59.0,138.0,59.0,23.0,0.0,7.0,10.0,5.0,30
661,Woo-Hoo Dunnit?,5.8,3.0,6.3,5.7,5.7,4.8,4.7,5.1,4.5,221.0,2.0,53.0,106.0,44.0,18.0,0.0,6.0,9.0,2.0,30
662,Crystal Blue-Haired Persuasion,5.6,1.0,6.1,5.5,5.5,5.6,5.3,5.6,8.0,204.0,2.0,51.0,100.0,36.0,17.0,0.0,6.0,7.0,2.0,30
